Unnamed: 0,paper_id,cited_dataset,title,abstract,year,url,citation_count,is_open_access,venue,fields_of_study,publication_types,journal,authors,external_ids,doi,arxiv_id,pubmed_id,evaluation_metrics,inclusion_type,key
0,e0a3c4ffc28e87992dd8413046c0ab3062da4270,"DDSM, BCDR, MIAS, INbreast, CBIS-DDSM",Deep transfer learning with fuzzy ensemble approach for the early detection of breast cancer,"Breast Cancer is a significant global health challenge, particularly affecting women with higher mortality compared with other cancer types. Timely detection of such cancer types is crucial, and recent research, employing deep learning techniques, shows promise in earlier detection. The research focuses on the early detection of such tumors using mammogram images with deep-learning models. The paper utilized four public databases where a similar amount of 986 mammograms each for three classes (normal, benign, malignant) are taken for evaluation. Herein, three deep CNN models such as VGG-11, Inception v3, and ResNet50 are employed as base classifiers. The research adopts an ensemble method where the proposed approach makes use of the modified Gompertz function for building a fuzzy ranking of the base classification models and their decision scores are integrated in an adaptive manner for constructing the final prediction of results. The classification results of the proposed fuzzy ensemble approach outperform transfer learning models and other ensemble approaches such as weighted average and Sugeno integral techniques. The proposed ResNet50 ensemble network using the modified Gompertz function-based fuzzy ranking approach provides a superior classification accuracy of 98.986%.",2024.0,https://www.semanticscholar.org/paper/e0a3c4ffc28e87992dd8413046c0ab3062da4270,8,True,BMC Medical Imaging,"Medicine, Computer Science",JournalArticle,"{'volume': '24', 'name': 'BMC Medical Imaging'}","S. Chakravarthy, N. Bharanidharan, V. V. Kumar, T. Mahesh, Mohammed S. Alqahtani, Suresh Guluwadi","{'DBLP': 'journals/bmcmi/ChakravarthyBKMAG24', 'PubMedCentral': '11389118', 'DOI': '10.1186/s12880-024-01267-8', 'CorpusId': 268999829, 'PubMed': '38589813'}",10.1186/s12880-024-01267-8,,38589813.0,"PPR, accuracy",automatic,Chakravarthy2024DeepTL
1,3819b51b28cfa356a909ed5adc2953f7de6e0197,"DDSM, VinDr-Mammo",Dual view deep learning for enhanced breast cancer screening using mammography,"Breast cancer has the highest incidence rate among women in Ethiopia compared to other types of cancer. Unfortunately, many cases are detected at a stage where a cure is delayed or not possible. To address this issue, mammography-based screening is widely accepted as an effective technique for early detection. However, the interpretation of mammography images requires experienced radiologists in breast imaging, a resource that is limited in Ethiopia. In this research, we have developed a model to assist radiologists in mass screening for breast abnormalities and prioritizing patients. Our approach combines an ensemble of EfficientNet-based classifiers with YOLOv5, a suspicious mass detection method, to identify abnormalities. The inclusion of YOLOv5 detection is crucial in providing explanations for classifier predictions and improving sensitivity, particularly when the classifier fails to detect abnormalities. To further enhance the screening process, we have also incorporated an abnormality detection model. The classifier model achieves an F1-score of 0.87 and a sensitivity of 0.82. With the addition of suspicious mass detection, sensitivity increases to 0.89, albeit at the expense of a slightly lower F1-score of 0.79.",2024.0,https://www.semanticscholar.org/paper/3819b51b28cfa356a909ed5adc2953f7de6e0197,7,True,Scientific Reports,Medicine,JournalArticle,"{'volume': '14', 'name': 'Scientific Reports'}","Samuel Rahimeto Kebede, Fraol Gelana Waldamichael, Taye Girma Debelee, Muluberhan Aleme, Wubalem Bedane, Bethelhem Mezgebu, Z. Merga","{'PubMedCentral': '10869685', 'DOI': '10.1038/s41598-023-50797-8', 'CorpusId': 267698596, 'PubMed': '38360869'}",10.1038/s41598-023-50797-8,,38360869.0,"F1, F1-score, PPR, ROC, sensitivity",automatic,Kebede2024DualVD
2,46390c66047398db8d3d0fe617e45430dc3ee352,"CBIS-DDSM, INbreast",Deep Cross-Training: An Approach to Improve Deep Neural Network Classification on Mammographic Images,,2023.0,https://www.semanticscholar.org/paper/46390c66047398db8d3d0fe617e45430dc3ee352,9,False,Expert systems with applications,Computer Science,JournalArticle,"{'volume': '238', 'pages': '122142', 'name': 'Expert Syst. Appl.'}","Keila Lucas dos Santos, Marcelino Pereira dos Santos Silva","{'DBLP': 'journals/eswa/SantosS24', 'DOI': '10.1016/j.eswa.2023.122142', 'CorpusId': 264417355}",10.1016/j.eswa.2023.122142,,,PPR,automatic,Santos2023DeepCA
3,32320a5c9a49868b851ef6727cc3d0bd80f9f011,DDSM,Segmentation of malignant tumours in mammogram images: A hybrid approach using convolutional neural networks and connected component analysis,,2021.0,https://www.semanticscholar.org/paper/32320a5c9a49868b851ef6727cc3d0bd80f9f011,7,False,Expert Syst. J. Knowl. Eng.,Computer Science,JournalArticle,"{'volume': '39', 'name': 'Expert Systems'}","Abhijit Roy, B. Singh, S. K. Banchhor, K. Verma","{'MAG': '3204894386', 'DBLP': 'journals/es/RoySBV22', 'DOI': '10.1111/exsy.12826', 'CorpusId': 244213924}",10.1111/exsy.12826,,,PPR,automatic,Roy2021SegmentationOM
4,43cd7dcd12eca32b4e18a194030d75ae55903e7d,CBIS-DDSM,An Approach to BI-RADS Uncertainty Levels Classification Via Deep Learning with Transfer Learning Technique,,2020.0,https://www.semanticscholar.org/paper/43cd7dcd12eca32b4e18a194030d75ae55903e7d,5,False,2020 IEEE 33rd International Symposium on Computer-Based Medical Systems (CBMS),Computer Science,JournalArticle,"{'pages': '603-608', 'name': '2020 IEEE 33rd International Symposium on Computer-Based Medical Systems (CBMS)'}","A. G. Medeiros, E. F. Ohata, Francisco H. S. Silva, P. Rego, P. P. R. Filho","{'MAG': '3082095991', 'DBLP': 'conf/cbms/MedeirosOSRF20', 'DOI': '10.1109/CBMS49503.2020.00119', 'CorpusId': 221473314}",10.1109/CBMS49503.2020.00119,,,PPR,automatic,Medeiros2020AnAT
5,a6b1a7b03ceace7fda1908a0fbe1e352b9fedb5d,DDSM,Breast Cancer Classification Using Deep Convolution Neural Network with Transfer Learning,"In this paper, we aim to apply deep learning convolution neural network (Deep-CNN) technology to classify breast masses in mammograms. We develop a Deep-CNN combined with multi-feature extraction and transfer learning to detect breast cancer. The Deep-CNN is utilized to extract features from mammograms. A support vector machine (SVM) is then trained on the Deep-CNN features to classify normal, benign, and cancer cases. The scoring features from the Deep-CNN are coupled with texture features and used as inputs to the final classifier. Two texture features are included: texture features of spatial dependency and gradient-based histograms. Both are employed to locate breast masses in mammograms. Next we apply transfer learning to the classifier of the SVM. Four techniques are devised for the experimental evaluation of the proposed system. The fourth technique combines the Deep-CNN with texture features and local features extracted by the scale-invariant feature transform (SIFT) algorithm. Experiments are designed to measure the performance of the various techniques. The results demonstrate that the proposed CNN coupled with the texture features and the SIFT outperforms the other models and performs best with transfer learning embedded. The accuracy of this model is 97.8%, with a true positive rate of 98.45% and a true negative rate of 96%.",2021.0,https://www.semanticscholar.org/paper/a6b1a7b03ceace7fda1908a0fbe1e352b9fedb5d,8,True,Intelligent Automation and Soft Computing,,,{'name': 'Intelligent Automation & Soft Computing'},"Hanan A. Hosni Mahmoud, Amal H. Alharbi, Doaa S. Khafga","{'DOI': '10.32604/iasc.2021.018607', 'CorpusId': 241840485}",10.32604/iasc.2021.018607,,,"accuracy, true positive rate",automatic,AHosniMahmoud2021BreastCC
6,0f62254d9a439eb91579d1696477b5a1d9a11fe9,"DDSM, MIAS",Medical Image Classification Using a Light-Weighted Hybrid Neural Network Based on PCANet and DenseNet,"Medical image classification plays an important role in disease diagnosis since it can provide important reference information for doctors. The supervised convolutional neural networks (CNNs) such as DenseNet provide the versatile and effective method for medical image classification tasks, but they require large amounts of data with labels and involve complex and time-consuming training process. The unsupervised CNNs such as principal component analysis network (PCANet) need no labels for training but cannot provide desirable classification accuracy. To realize the accurate medical image classification in the case of a small training dataset, we have proposed a light-weighted hybrid neural network which consists of a modified PCANet cascaded with a simplified DenseNet. The modified PCANet has two stages, in which the network produces the effective feature maps at each stage by convoluting inputs with various learned kernels. The following simplified DenseNet with a small number of weights will take all feature maps produced by the PCANet as inputs and employ the dense shortcut connections to realize accurate medical image classification. To appreciate the performance of the proposed method, some experiments have been done on mammography and osteosarcoma histology images. Experimental results show that the proposed hybrid neural network is easy to train and it outperforms such popular CNN models as PCANet, ResNet and DenseNet in terms of classification accuracy, sensitivity and specificity.",2020.0,https://www.semanticscholar.org/paper/0f62254d9a439eb91579d1696477b5a1d9a11fe9,68,True,IEEE Access,Computer Science,JournalArticle,"{'volume': '8', 'pages': '24697-24712', 'name': 'IEEE Access'}","Zhiwen Huang, Xingxing Zhu, Mingyue Ding, Xuming Zhang","{'MAG': '3004707432', 'DBLP': 'journals/access/HuangZDZ20', 'DOI': '10.1109/ACCESS.2020.2971225', 'CorpusId': 211120010}",10.1109/ACCESS.2020.2971225,,,"PPR, ROC, accuracy, map, sensitivity, specificity",automatic,Huang2020MedicalIC
7,651d3523a13b70429c0bf8624573a5cfbabc6b41,"CBIS-DDSM, INbreast",Breast Cancer Diagnosis Using YOLO-Based Multiscale Parallel CNN and Flattened Threshold Swish,"In the field of biomedical imaging, the use of Convolutional Neural Networks (CNNs) has achieved impressive success. Additionally, the detection and pathological classification of breast masses creates significant challenges. Traditional mammogram screening, conducted by healthcare professionals, is often exhausting, costly, and prone to errors. To address these issues, this research proposes an end-to-end Computer-Aided Diagnosis (CAD) system utilizing the ‘You Only Look Once’ (YOLO) architecture. The proposed framework begins by enhancing digital mammograms using the Contrast Limited Adaptive Histogram Equalization (CLAHE) technique. Then, features are extracted using the proposed CNN, leveraging multiscale parallel feature extraction capabilities while incorporating DenseNet and InceptionNet architectures. To combat the ‘dead neuron’ problem, the CNN architecture utilizes the ‘Flatten Threshold Swish’ (FTS) activation function. Additionally, the YOLO loss function has been enhanced to effectively handle lesion scale variation in mammograms. The proposed framework was thoroughly tested on two publicly available benchmarks: INbreast and CBIS-DDSM. It achieved an accuracy of 98.72% for breast cancer classification on the INbreast dataset and a mean Average Precision (mAP) of 91.15% for breast cancer detection on the CBIS-DDSM. The proposed CNN architecture utilized only 11.33 million parameters for training. These results highlight the proposed framework’s ability to revolutionize vision-based breast cancer diagnosis.",2024.0,https://www.semanticscholar.org/paper/651d3523a13b70429c0bf8624573a5cfbabc6b41,6,True,Applied Sciences,,JournalArticle,{'name': 'Applied Sciences'},"Ahmed Dhahi Mohammed, Dursun Ekmekci","{'DOI': '10.3390/app14072680', 'CorpusId': 268645257}",10.3390/app14072680,,,"accuracy, map, mean average precision, precision",automatic,Mohammed2024BreastCD
8,f76a633e057b8e416553a4982b63ff724c06dfe4,"CBIS-DDSM, INbreast",Attention-Map Augmentation for Hypercomplex Breast Cancer Classification,,2023.0,https://www.semanticscholar.org/paper/f76a633e057b8e416553a4982b63ff724c06dfe4,12,True,Pattern Recognition Letters,"Computer Science, Engineering",JournalArticle,"{'volume': '182', 'pages': '140-146', 'name': 'Pattern Recognit. Lett.'}","E. Lopez, Filippo Betello, Federico Carmignani, Eleonora Grassucci, Danilo Comminiello","{'ArXiv': '2310.07633', 'DBLP': 'journals/prl/LopezBCGC24', 'DOI': '10.48550/arXiv.2310.07633', 'CorpusId': 263834838}",10.48550/arXiv.2310.07633,2310.07633,,map,automatic,Lopez2023AttentionMapAF
9,812819a2cac8c3f3cd7023b4701bffdf1ad254da,CBIS-DDSM,MLN-net: A multi-source medical image segmentation method for clustered microcalcifications using multiple layer normalization,,2023.0,https://www.semanticscholar.org/paper/812819a2cac8c3f3cd7023b4701bffdf1ad254da,8,True,Knowledge-Based Systems,Computer Science,JournalArticle,"{'volume': 'abs/2309.02742', 'name': 'ArXiv'}","Ke Wang, Zanting Ye, Xiang Xie, Haidong Cui, Tao Chen, Banteng Liu","{'ArXiv': '2309.02742', 'DBLP': 'journals/corr/abs-2309-02742', 'DOI': '10.1016/j.knosys.2023.111127', 'CorpusId': 261557525}",10.1016/j.knosys.2023.111127,2309.02742,,ROC,automatic,Wang2023MLNnetAM
10,7da88694119fcb63aa82348ec994e055384c535f,CBIS-DDSM,Breast cancer diagnosis using hybrid AlexNet-ELM and chimp optimization algorithm evolved by Nelder-mead simplex approach,,2023.0,https://www.semanticscholar.org/paper/7da88694119fcb63aa82348ec994e055384c535f,9,False,Biomedical Signal Processing and Control,Computer Science,JournalArticle,"{'volume': '85', 'pages': '105053', 'name': 'Biomed. Signal Process. Control.'}","Junyue Cao, Diyar Qader Zeebaree, Qingfeng Chen, D. A. Zebari","{'DBLP': 'journals/bspc/CaoZCZ23', 'DOI': '10.1016/j.bspc.2023.105053', 'CorpusId': 259081579}",10.1016/j.bspc.2023.105053,,,PPR,automatic,Cao2023BreastCD
11,b7ec16f909aab6108bcc4e88e2312e7f0ec46156,"CBIS-DDSM, MIAS",A divide and conquer approach to maximise deep learning mammography classification accuracies,"Breast cancer claims 11,400 lives on average every year in the UK, making it one of the deadliest diseases. Mammography is the gold standard for detecting early signs of breast cancer, which can help cure the disease during its early stages. However, incorrect mammography diagnoses are common and may harm patients through unnecessary treatments and operations (or a lack of treatment). Therefore, systems that can learn to detect breast cancer on their own could help reduce the number of incorrect interpretations and missed cases. Various deep learning techniques, which can be used to implement a system that learns how to detect instances of breast cancer in mammograms, are explored throughout this paper. Convolution Neural Networks (CNNs) are used as part of a pipeline based on deep learning techniques. A divide and conquer approach is followed to analyse the effects on performance and efficiency when utilising diverse deep learning techniques such as varying network architectures (VGG19, ResNet50, InceptionV3, DenseNet121, MobileNetV2), class weights, input sizes, image ratios, pre-processing techniques, transfer learning, dropout rates, and types of mammogram projections. This approach serves as a starting point for model development of mammography classification tasks. Practitioners can benefit from this work by using the divide and conquer results to select the most suitable deep learning techniques for their case out-of-the-box, thus reducing the need for extensive exploratory experimentation. Multiple techniques are found to provide accuracy gains relative to a general baseline (VGG19 model using uncropped 512 × 512 pixels input images with a dropout rate of 0.2 and a learning rate of 1 × 10−3) on the Curated Breast Imaging Subset of DDSM (CBIS-DDSM) dataset. These techniques involve transfer learning pre-trained ImagetNet weights to a MobileNetV2 architecture, with pre-trained weights from a binarised version of the mini Mammography Image Analysis Society (mini-MIAS) dataset applied to the fully connected layers of the model, coupled with using weights to alleviate class imbalance, and splitting CBIS-DDSM samples between images of masses and calcifications. Using these techniques, a 5.6% gain in accuracy over the baseline model was accomplished. Other deep learning techniques from the divide and conquer approach, such as larger image sizes, do not yield increased accuracies without the use of image pre-processing techniques such as Gaussian filtering, histogram equalisation and input cropping.",2023.0,https://www.semanticscholar.org/paper/b7ec16f909aab6108bcc4e88e2312e7f0ec46156,11,True,PLoS ONE,Medicine,JournalArticle,"{'volume': '18', 'name': 'PLOS ONE'}","Adam Jaamour, Craig Myles, Ashay Patel, Shuen-Jen Chen, Lewis McMillan, David Harris-Birtill","{'PubMedCentral': '10218746', 'DOI': '10.1371/journal.pone.0280841', 'CorpusId': 258928760, 'PubMed': '37235566'}",10.1371/journal.pone.0280841,,37235566.0,"PPR, ROC, accuracy",automatic,Jaamour2023ADA
12,4609ebda9d57149cb7850977ab44f08b62f43107,"CBIS-DDSM, INbreast",DeepMiCa: Automatic segmentation and classification of breast MIcroCAlcifications from mammograms,,2023.0,https://www.semanticscholar.org/paper/4609ebda9d57149cb7850977ab44f08b62f43107,14,False,Comput. Methods Programs Biomed.,"Computer Science, Medicine",JournalArticle,"{'volume': '235', 'pages': '\n          107483\n        ', 'name': 'Computer methods and programs in biomedicine'}","Alessia Gerbasi, Greta Clementi, F. Corsi, S. Albasini, A. Malovini, S. Quaglini, R. Bellazzi","{'DBLP': 'journals/cmpb/GerbasiCCAMQB23', 'DOI': '10.1016/j.cmpb.2023.107483', 'CorpusId': 251562673, 'PubMed': '37030174'}",10.1016/j.cmpb.2023.107483,,37030174.0,ROC,automatic,Gerbasi2023DeepMiCaAS
13,12f758ecef890db5e5eef1a49a76855a3e1ef9b9,DDSM,Deep feature selection using local search embedded social ski-driver optimization algorithm for breast cancer detection in mammograms,"Breast cancer has become a common malignancy in women. However, early detection and identification of this disease can save many lives. As computer-aided detection helps radiologists in detecting abnormalities efficiently, researchers across the world are striving to develop reliable models to deal with. One of the common approaches to identifying breast cancer is through breast mammograms. However, the identification of malignant breasts from mass lesions is a challenging research problem. In the current work, we propose a method for the classification of breast mass using mammograms which consists of two main stages. At first, we extract deep features from the input mammograms using the well-known VGG16 model while incorporating an attention mechanism into this model. Next, we apply a meta-heuristic called Social Ski-Driver (SSD) algorithm embedded with Adaptive Beta Hill Climbing based local search to obtain an optimal features subset. The optimal features subset is fed to the K-nearest neighbors (KNN) classifier for the classification. The proposed model is demonstrated to be very useful for identifying and differentiating malignant and healthy breasts successfully. For experimentation, we evaluate our model on the digital database for screening mammography (DDSM) database and achieve 96.07% accuracy using only 25% of features extracted by the attention-aided VGG16 model. The Python code of our research work is publicly available at: https://github.com/Ppayel/BreastLocalSearchSSD .",2022.0,https://www.semanticscholar.org/paper/12f758ecef890db5e5eef1a49a76855a3e1ef9b9,28,True,Neural computing & applications (Print),"Medicine, Computer Science",JournalArticle,"{'volume': '35', 'pages': '5479 - 5499', 'name': 'Neural Computing & Applications'}","Payel Pramanik, Souradeep Mukhopadhyay, Seyedali Mirjalili, Ram Sarkar","{'DBLP': 'journals/nca/PramanikMMS23', 'PubMedCentral': '9638217', 'DOI': '10.1007/s00521-022-07895-x', 'CorpusId': 253375184, 'PubMed': '36373132'}",10.1007/s00521-022-07895-x,,36373132.0,"PPR, accuracy",automatic,Pramanik2022DeepFS
14,85deafa7949121ada7640c64cc62d95e3cdee9ac,"CBIS-DDSM, INbreast",An integrated framework for breast mass classification and diagnosis using stacked ensemble of residual neural networks,"A computer-aided diagnosis (CAD) system requires automated stages of tumor detection, segmentation, and classification that are integrated sequentially into one framework to assist the radiologists with a final diagnosis decision. In this paper, we introduce the final step of breast mass classification and diagnosis using a stacked ensemble of residual neural network (ResNet) models (i.e. ResNet50V2, ResNet101V2, and ResNet152V2). The work presents the task of classifying the detected and segmented breast masses into malignant or benign, and diagnosing the Breast Imaging Reporting and Data System (BI-RADS) assessment category with a score from 2 to 6 and the shape as oval, round, lobulated, or irregular. The proposed methodology was evaluated on two publicly available datasets, the Curated Breast Imaging Subset of Digital Database for Screening Mammography (CBIS-DDSM) and INbreast, and additionally on a private dataset. Comparative experiments were conducted on the individual models and an average ensemble of models with an XGBoost classifier. Qualitative and quantitative results show that the proposed model achieved better performance for (1) Pathology classification with an accuracy of 95.13%, 99.20%, and 95.88%; (2) BI-RADS category classification with an accuracy of 85.38%, 99%, and 96.08% respectively on CBIS-DDSM, INbreast, and the private dataset; and (3) shape classification with 90.02% on the CBIS-DDSM dataset. Our results demonstrate that our proposed integrated framework could benefit from all automated stages to outperform the latest deep learning methodologies.",2022.0,https://www.semanticscholar.org/paper/85deafa7949121ada7640c64cc62d95e3cdee9ac,28,True,Scientific Reports,Medicine,JournalArticle,"{'volume': '12', 'name': 'Scientific Reports'}","Asma Baccouche, B. Garcia-Zapirain, Adel Said Elmaghraby","{'PubMedCentral': '9293883', 'DOI': '10.1038/s41598-022-15632-6', 'CorpusId': 250642388, 'PubMed': '35851592'}",10.1038/s41598-022-15632-6,,35851592.0,accuracy,automatic,Baccouche2022AnIF
15,39d0b0f5b346b24673d15b78561e1982821f845b,CBIS-DDSM,Breast Cancer Classification Using FCN and Beta Wavelet Autoencoder,"In this paper, a new classification approach of breast cancer based on Fully Convolutional Networks (FCNs) and Beta Wavelet Autoencoder (BWAE) is presented. FCN, as a powerful image segmentation model, is used to extract the relevant information from mammography images. It will identify the relevant zones to model while WAE is used to model the extracted information for these zones. In fact, WAE has proven its superiority to the majority of the features extraction approaches. The fusion of these two techniques have improved the feature extraction phase and this by keeping and modeling only the relevant and useful features for the identification and description of breast masses. The experimental results showed the effectiveness of our proposed method which has given very encouraging results in comparison with the states of the art approaches on the same mammographic image base. A precision rate of 94% for benign and 93% for malignant was achieved with a recall rate of 92% for benign and 95% for malignant. For the normal case, we were able to reach a rate of 100%.",2022.0,https://www.semanticscholar.org/paper/39d0b0f5b346b24673d15b78561e1982821f845b,14,True,Computational Intelligence and Neuroscience,Medicine,JournalArticle,"{'volume': '2022', 'name': 'Computational Intelligence and Neuroscience'}","H. Aleisa, Wajdi Touiti, Amel Ali ALHussan, Najib Ben Aoun, R. Ejbali, M. Zaied, Ayesha Saadia","{'PubMedCentral': '9246636', 'DOI': '10.1155/2022/8044887', 'CorpusId': 250012301, 'PubMed': '35785059'}",10.1155/2022/8044887,,35785059.0,"PPR, precision, recall",automatic,Aleisa2022BreastCC
16,de5b7f2d35c42a92bae1df7cd16fb56ddd81c391,"MIAS, INbreast",Classification of Breast Cancer in Mammograms with Deep Learning Adding a Fifth Class,"Breast cancer is one of the diseases of most profound concern, with the most prevalence worldwide, where early detections and diagnoses play the leading role against this disease achieved through imaging techniques such as mammography. Radiologists tend to have a high false positive rate for mammography diagnoses and an accuracy of around 82%. Currently, deep learning (DL) techniques have shown promising results in the early detection of breast cancer by generating computer-aided diagnosis (CAD) systems implementing convolutional neural networks (CNNs). This work focuses on applying, evaluating, and comparing the architectures: AlexNet, GoogLeNet, Resnet50, and Vgg19 to classify breast lesions after using transfer learning with fine-tuning and training the CNN with regions extracted from the MIAS and INbreast databases. We analyzed 14 classifiers, involving 4 classes as several researches have done it before, corresponding to benign and malignant microcalcifications and masses, and as our main contribution, we also added a 5th class for the normal tissue of the mammary parenchyma increasing the correct detection; in order to evaluate the architectures with a statistical analysis based on the received operational characteristics (ROC), the area under the curve (AUC), F1 Score, accuracy, precision, sensitivity, and specificity. We generate the best results with the CNN GoogLeNet trained with five classes on a balanced database with an AUC of 99.29%, F1 Score of 91.92%, the accuracy of 91.92%, precision of 92.15%, sensitivity of 91.70%, and specificity of 97.66%, concluding that GoogLeNet is optimal as a classifier in a CAD system to deal with breast cancer.",2021.0,https://www.semanticscholar.org/paper/de5b7f2d35c42a92bae1df7cd16fb56ddd81c391,13,True,Applied Sciences,,,{'name': 'Applied Sciences'},"Salvador Castro-Tapia, C. L. Castañeda-Miranda, C. Olvera-Olvera, H. A. Guerrero-Osuna, J. Ortiz-Rodríguez, Ma. del Rosario Martínez-Blanco, Germán Díaz-Flórez, J. Mendiola-Santibañez, L. Solís-Sánchez","{'DOI': '10.3390/app112311398', 'CorpusId': 244858159}",10.3390/app112311398,,,"AUC, F1, F1 score, ROC, accuracy, area under the curve, false positive rate, precision, sensitivity, specificity",automatic,CastroTapia2021ClassificationOB
17,5269e5dac2c63932f9793b6ae36909c02bb6c65b,"CBIS-DDSM, INbreast",Connected-UNets: a deep learning architecture for breast mass segmentation,"Breast cancer analysis implies that radiologists inspect mammograms to detect suspicious breast lesions and identify mass tumors. Artificial intelligence techniques offer automatic systems for breast mass segmentation to assist radiologists in their diagnosis. With the rapid development of deep learning and its application to medical imaging challenges, UNet and its variations is one of the state-of-the-art models for medical image segmentation that showed promising performance on mammography. In this paper, we propose an architecture, called Connected-UNets, which connects two UNets using additional modified skip connections. We integrate Atrous Spatial Pyramid Pooling (ASPP) in the two standard UNets to emphasize the contextual information within the encoder–decoder network architecture. We also apply the proposed architecture on the Attention UNet (AUNet) and the Residual UNet (ResUNet). We evaluated the proposed architectures on two publically available datasets, the Curated Breast Imaging Subset of Digital Database for Screening Mammography (CBIS-DDSM) and INbreast, and additionally on a private dataset. Experiments were also conducted using additional synthetic data using the cycle-consistent Generative Adversarial Network (CycleGAN) model between two unpaired datasets to augment and enhance the images. Qualitative and quantitative results show that the proposed architecture can achieve better automatic mass segmentation with a high Dice score of 89.52%, 95.28%, and 95.88% and Intersection over Union (IoU) score of 80.02%, 91.03%, and 92.27%, respectively, on CBIS-DDSM, INbreast, and the private dataset.",2021.0,https://www.semanticscholar.org/paper/5269e5dac2c63932f9793b6ae36909c02bb6c65b,93,True,npj Breast Cancer,Medicine,JournalArticle,"{'volume': '7', 'name': 'NPJ Breast Cancer'}","Asma Baccouche, B. Garcia-Zapirain, Cristian Castillo Olea, Adel Said Elmaghraby","{'PubMedCentral': '8640011', 'DOI': '10.1038/s41523-021-00358-x', 'CorpusId': 244803559, 'PubMed': '34857755'}",10.1038/s41523-021-00358-x,,34857755.0,dice,automatic,Baccouche2021ConnectedUNetsAD
18,b9777d8ba1cbfd7e6e4804f3d41df8490ca99166,CBIS-DDSM,Deep Vision for Breast Cancer Classification and Segmentation,"Simple Summary Breast cancer misdiagnoses increase individual and system stressors as well as costs and result in increased morbidity and mortality. Digital mammography studies are typically about 80% sensitive and 90% specific. Improvement in classification of breast cancer imagery is possible using deep vision methods, and these methods may be further used to identify autonomously regions of interest most closely associated with anomalies to support clinician analysis. This research explores deep vision techniques for improving mammography classification and for identifying associated regions of interest. The findings from this research contribute to the future of automated assistive diagnoses of breast cancer and the isolation of regions of interest. Abstract (1) Background: Female breast cancer diagnoses odds have increased from 11:1 in 1975 to 8:1 today. Mammography false positive rates (FPR) are associated with overdiagnoses and overtreatment, while false negative rates (FNR) increase morbidity and mortality. (2) Methods: Deep vision supervised learning classifies 299 × 299 pixel de-noised mammography images as negative or non-negative using models built on 55,890 pre-processed training images and applied to 15,364 unseen test images. A small image representation from the fitted training model is returned to evaluate the portion of the loss function gradient with respect to the image that maximizes the classification probability. This gradient is then re-mapped back to the original images, highlighting the areas of the original image that are most influential for classification (perhaps masses or boundary areas). (3) Results: initial classification results were 97% accurate, 99% specific, and 83% sensitive. Gradient techniques for unsupervised region of interest mapping identified areas most associated with the classification results clearly on positive mammograms and might be used to support clinician analysis. (4) Conclusions: deep vision techniques hold promise for addressing the overdiagnoses and treatment, underdiagnoses, and automated region of interest identification on mammography.",2021.0,https://www.semanticscholar.org/paper/b9777d8ba1cbfd7e6e4804f3d41df8490ca99166,9,True,Cancers,Medicine,JournalArticle,"{'volume': '13', 'name': 'Cancers'}","Lawrence V. Fulton, A. McLeod, Diane Dolezel, Nathaniel D. Bastian, Christopher P. Fulton","{'PubMedCentral': '8582536', 'DOI': '10.3390/cancers13215384', 'CorpusId': 240181075, 'PubMed': '34771547'}",10.3390/cancers13215384,,34771547.0,"FNR, FPR, ROC, false negative rate, false positive rate, map",automatic,Fulton2021DeepVF
19,dc711987495e48835ccfd5bb598262f7b7c79b2d,"CBIS-DDSM, INbreast",Breast Mass Classification Using Diverse Contextual Information and Convolutional Neural Network,"Masses are one of the early signs of breast cancer, and the survival rate of women suffering from breast cancer can be improved if masses can be correctly identified as benign or malignant. However, their classification is challenging due to the similarity in texture patterns of both types of mass. The existing methods for this problem have low sensitivity and specificity. Based on the hypothesis that diverse contextual information of a mass region forms a strong indicator for discriminating benign and malignant masses and the idea of the ensemble classifier, we introduce a computer-aided system for this problem. The system uses multiple regions of interest (ROIs) encompassing a mass region for modeling diverse contextual information, a single ResNet-50 model (or its density-specific modification) as a backbone for local decisions, and stacking with SVM as a base model to predict the final decision. A data augmentation technique is introduced for fine-tuning the backbone model. The system was thoroughly evaluated on the benchmark CBIS-DDSM dataset using its provided data split protocol, and it achieved a sensitivity of 98.48% and a specificity of 92.31%. Furthermore, it was found that the system gives higher performance if it is trained and tested using the data from a specific breast density BI-RADS class. The system does not need to fine-tune/train multiple CNN models; it introduces diverse contextual information by multiple ROIs. The comparison shows that the method outperforms the state-of-the-art methods for classifying mass regions into benign and malignant. It will help radiologists reduce their burden and enhance their sensitivity in the prediction of malignant masses.",2021.0,https://www.semanticscholar.org/paper/dc711987495e48835ccfd5bb598262f7b7c79b2d,6,True,Biosensors,Medicine,JournalArticle,"{'volume': '11', 'name': 'Biosensors'}","Mariam Busaleh, M. Hussain, Hatim Aboalsamh, Fazal-E- Amin","{'PubMedCentral': '8615673', 'DOI': '10.3390/bios11110419', 'CorpusId': 240098699, 'PubMed': '34821634'}",10.3390/bios11110419,,34821634.0,"sensitivity, specificity",automatic,Busaleh2021BreastMC
20,70d58680b2b472dd62a256a919f590dbe89bc9cc,CBIS-DDSM,Breast Cancer Diagnosis in Two-View Mammography Using End-to-End Trained EfficientNet-Based Convolutional Network,"Some recent studies have described deep convolutional neural networks to diagnose breast cancer in mammograms with similar or even superior performance to that of human experts. One of the best techniques does two transfer learnings: the first uses a model trained on natural images to create a “patch classifier” that categorizes small subimages; the second uses the patch classifier to scan the whole mammogram and create the “single-view whole-image classifier”. We propose to make a third transfer learning to obtain a “two-view classifier” to use the two mammographic views: bilateral craniocaudal and mediolateral oblique. We use EfficientNet as the basis of our model. We “end-to-end” train the entire system using CBIS-DDSM dataset. To ensure statistical robustness, we test our system twice using: (a) 5-fold cross validation; and (b) the original training/test division of the dataset. Our technique reached an AUC of 0.9344 using 5-fold cross validation (accuracy, sensitivity and specificity are 85.13% at the equal error rate point of ROC). Using the original dataset division, our technique achieved an AUC of 0.8483, as far as we know the highest reported AUC for this problem, although the subtle differences in the testing conditions of each work do not allow for an accurate comparison. The inference code and model are available at https://github.com/dpetrini/two-views-classifier",2021.0,https://www.semanticscholar.org/paper/70d58680b2b472dd62a256a919f590dbe89bc9cc,35,True,IEEE Access,"Computer Science, Engineering",JournalArticle,"{'volume': '10', 'pages': '77723-77731', 'name': 'IEEE Access'}","D. Petrini, C. Shimizu, R. A. Roela, G. Valente, M. A. K. Folgueira, Hae Yong Kim","{'DBLP': 'journals/access/PetriniSRVFK22', 'ArXiv': '2110.01606', 'DOI': '10.1109/ACCESS.2022.3193250', 'CorpusId': 238354143}",10.1109/ACCESS.2022.3193250,2110.01606,,"AUC, ROC, accuracy, sensitivity, specificity",automatic,Petrini2021BreastCD
21,2a069288bf4b894eda16bbdbd39ba7e610928797,"CBIS-DDSM, MIAS, BCDR",Double-Shot Transfer Learning for Breast Cancer Classification from X-Ray Images,"Differentiation between benign and malignant breast cancer cases in X-ray images can be difficult due to their similar features. In recent studies, the transfer learning technique has been used to classify benign and malignant breast cancer by fine-tuning various pre-trained networks such as AlexNet, visual geometry group (VGG), GoogLeNet, and residual network (ResNet) on breast cancer datasets. However, these pre-trained networks have been trained on large benchmark datasets such as ImageNet, which do not contain labeled images related to breast cancers which lead to poor performance. In this research, we introduce a novel technique based on the concept of transfer learning, called double-shot transfer learning (DSTL). DSTL is used to improve the overall accuracy and performance of the pre-trained networks for breast cancer classification. DSTL updates the learnable parameters (weights and biases) of any pre-trained network by fine-tuning them on a large dataset that is similar to the target dataset. Then, the updated networks are fine-tuned with the target dataset. Moreover, the number of X-ray images is enlarged by a combination of augmentation methods including different variations of rotation, brightness, flipping, and contrast to reduce overfitting and produce robust results. The proposed approach has demonstrated a significant improvement in classification accuracy and performance of the pre-trained networks, making them more suitable for medical imaging.",2020.0,https://www.semanticscholar.org/paper/2a069288bf4b894eda16bbdbd39ba7e610928797,20,True,Applied Sciences,Computer Science,,{'name': 'Applied Sciences'},"Mohammad Alkhaleefah, Shang-Chih Ma, Yang-Lang Chang, Bormin Huang, P. Chittem, Vishnu Priya Achhannagari","{'MAG': '3035050947', 'DOI': '10.3390/app10113999', 'CorpusId': 225748176}",10.3390/app10113999,,,"PPR, accuracy",automatic,Alkhaleefah2020DoubleShotTL
22,9e186a1b9cf3d46cf992632d448c6d72ffe1a04b,CBIS-DDSM,An Efficient Transfer and Ensemble Learning Based Computer Aided Breast Abnormality Diagnosis System,"Breast cancer is the second most deadly type of cancer globally among women and can be prevented to a great extent in the case of early detection. In order to raise the survival rate, research scientists have conducted several experiments to develop tools to alleviate this problem, including Computer-Aided Diagnosis (CADx) systems. Deep Learning and its important sub-field Convolutional Neural Networks (CNN)s have revolutionized (CADx) development research. While the Curated Breast Imaging Subset of Digital Database for Screening Mammography, or the CBIS-DDSM dataset, has been classified using different pre-trained architectures, few of them have used ensemble learning to provide a more robust and accurate architecture. To the best of our knowledge, we are the first to integrate the application of the state-of-the-art pre-trained model called EfficientNet along with other pre-trained models for the part, and subsequently, the models were concatenated (ensembled). With the application of pre-trained CNN-based models, we are able to address the problem of not having a large dataset. Nevertheless, with the EfficientNet family offering better results with fewer parameters, we obtained significant improvement in accuracy, and later ensemble learning was applied to provide robustness for the network. After performing 10-fold cross-validation, our experiments yielded promising test accuracy results, 96.05% and 85.71% for abnormality type and pathology diagnosis classification, respectively.",2023.0,https://www.semanticscholar.org/paper/9e186a1b9cf3d46cf992632d448c6d72ffe1a04b,11,True,IEEE Access,Computer Science,JournalArticle,"{'volume': '11', 'pages': '21199-21209', 'name': 'IEEE Access'}","Farnoosh Azour, A. Boukerche","{'DBLP': 'journals/access/AzourB23', 'DOI': '10.1109/ACCESS.2022.3192857', 'CorpusId': 251088939}",10.1109/ACCESS.2022.3192857,,,accuracy,automatic,Azour2023AnET
23,ca8a2635b2e2d566fb997e7a22cc026bfce3fd11,"CBIS-DDSM, INbreast",Breast Lesions Detection and Classification via YOLO-Based Fusion Models,": With recent breakthroughs in artificial intelligence, the use of deep learning models achieved remarkable advances in computer vision, ecom-merce, cybersecurity, and healthcare. Particularly, numerous applications provided efficient solutions to assist radiologists for medical imaging analysis. For instance, automatic lesion detection and classification in mammograms is still considered a crucial task that requires more accurate diagnosis and precise analysis of abnormal lesions. In this paper, we propose an end-to-end system, which is based on You-Only-Look-Once (YOLO) model, to simultaneously localize and classify suspicious breast lesions from entire mammograms. The proposed system first preprocesses the raw images, then recognizes abnormal regions as breast lesions and determines their pathology classification as either mass or calcification. We evaluated the model on two publicly available datasets, with 2907 mammograms from the Curated Breast Imaging Sub-set of Digital Database for Screening Mammography (CBIS-DDSM) and 235 mammograms from INbreast database. We also used a privately collected dataset with 487 mammograms. Furthermore, we suggested a fusion models approach to report more precise detection and accurate classification. Our best results reached a detection accuracy rate of 95.7%, 98.1% and 98% for mass lesions and 74.4%, 71.8% and 73.2% for calcification lesions, respectively on CBIS-DDSM, INbreast and the private dataset.",2021.0,https://www.semanticscholar.org/paper/ca8a2635b2e2d566fb997e7a22cc026bfce3fd11,44,True,Computers Materials & Continua,Computer Science,,"{'name': 'Computers, Materials & Continua'}","Asma Baccouche, B. Garcia-Zapirain, Cristian Castillo Olea, Adel Said Elmaghraby","{'MAG': '3170769871', 'DOI': '10.32604/CMC.2021.018461', 'CorpusId': 236670864}",10.32604/CMC.2021.018461,,,"PPR, ROC, accuracy",automatic,Baccouche2021BreastLD
24,98fa9d670a5da508bbc021b130de45c21bd5fb1d,"DDSM, MIAS, INbreast",Comparison of current deep convolutional neural networks for the segmentation of breast masses in mammograms,"Breast cancer causes approximately 684,996 deaths worldwide, making it the leading cause of female cancer mortality. However, these figures can be reduced with early diagnosis through mammographic imaging, allowing for the timely and effective treatment of this disease. To establish the best tools for contributing to the automatic diagnosis of breast cancer, different deep learning (DL) architectures were compared in terms of breast lesion segmentation, lesion type classification, and degree of suspicion of malignancy tests. The tasks were completed with state-of-the-art architectures and backbones. Initially, during segmentation, the base UNet, Visual Geometry Group 19 (VGG19), InceptionResNetV2, EfficientNet, MobileNetv2, ResNet, ResNeXt, MultiResUNet, linkNet-VGG19, DenseNet, SEResNet and SeResNeXt architectures were compared, where “Res” denotes a residual network. In addition, training was performed with 5 of the most advanced loss functions and validated by the Dice coefficient, sensitivity, and specificity. The proposed models achieved Dice values above 90%, with the EfficientNet architecture achieving 94.75% and 99% accuracy on the two tasks. Subsequently, classification was addressed with the ResNet50V2, VGG19, InceptionResNetV2, DenseNet121, InceptionV3, Xception and EfficientNetB7 networks. The proposed models achieved 96.97% and 97.73% accuracy through the VGG19 and ResNet50V2 networks on the lesion classification and degree of suspicion tasks, respectively. All three tasks were addressed with open-access databases, including the Digital Database for Screening Mammography (DDSM), the Mammographic Image Analysis Society (MIAS) database, and INbreast.",2021.0,https://www.semanticscholar.org/paper/98fa9d670a5da508bbc021b130de45c21bd5fb1d,17,True,IEEE Access,Computer Science,JournalArticle,"{'volume': 'PP', 'pages': '1-1', 'name': 'IEEE Access'}","A. Anaya-Isaza, Leonel Mera-Jiménez, J. Cabrera-Chavarro, Lorena Guachi-Guachi, Diego Hernán Peluffo-Ordóñez, Jorge Rios-Patiño","{'DBLP': 'journals/access/Anaya-IsazaMCGP21', 'DOI': '10.1109/ACCESS.2021.3127862', 'CorpusId': 244105722}",10.1109/ACCESS.2021.3127862,,,"PPR, accuracy, dice, sensitivity, specificity",automatic,AnayaIsaza2021ComparisonOC
25,cab13993d8c3ecebe3fc025aed0d7bc5352d4373,"VinDr-Mammo, MIAS",Automatic detection of breast masses using deep learning with YOLO approach,,2023.0,https://www.semanticscholar.org/paper/cab13993d8c3ecebe3fc025aed0d7bc5352d4373,5,False,Health technology,,JournalArticle,"{'volume': '13', 'pages': '915 - 923', 'name': 'Health and Technology'}","Alejandro Ernesto Quiñones-Espín, M. Pérez-Díaz, Rafaela Mayelín Espín-Coto, Deijany Rodriguez-Linares, José Daniel Lopez-Cabrera","{'DOI': '10.1007/s12553-023-00783-x', 'CorpusId': 264176762}",10.1007/s12553-023-00783-x,,,PPR,automatic,QuionesEspn2023AutomaticDO
26,a243904b2ca219aa8b6381c86c3d88642661bba3,"VinDr-Mammo, CMMD, INbreast",Federated Learning Approach for Breast Cancer Detection Based on DCNN,"Breast cancer stands as one of the predominant health challenges globally, affecting millions of women every year and necessitating early and accurate detection to optimize patient outcomes. Currently, while deep convolutional neural networks (DCNNs) have shown promise in breast cancer detection, their application is often hampered by privacy concerns associated with sharing patient data and the limitation of training on small, localized datasets. Addressing these challenges, this manuscript introduces an effective federated learning approach tailored for breast cancer detection, leveraging DCNNs across diverse and large datasets without compromising data privacy. Our experimental findings underscore significant advancements in detection accuracy of 98.9% on three large scale datasets which are VinDr-Mammo, CMMD, and INbreast. Additionally, we tested the proposed federated learning performance, showcasing the potential of our approach as a robust and privacy-preserving solution for future breast cancer diagnostic strategies.",2024.0,https://www.semanticscholar.org/paper/a243904b2ca219aa8b6381c86c3d88642661bba3,8,True,IEEE Access,Computer Science,JournalArticle,"{'volume': '12', 'pages': '40114-40138', 'name': 'IEEE Access'}","Hussain Alsalman, Mabrook S. Al-Rakhami, Taha M. Alfakih, M. M. Hassan","{'DBLP': 'journals/access/AlSalmanAAH24', 'DOI': '10.1109/ACCESS.2024.3374650', 'CorpusId': 268282703}",10.1109/ACCESS.2024.3374650,,,"PPR, accuracy",automatic,Alsalman2024FederatedLA
27,5ed94b8dfaa673ea1d9ebc852c4b2f990bf13220,"DDSM, MIAS",Fine-tuning pre-trained networks with emphasis on image segmentation: A multi-network approach for enhanced breast cancer detection,,2025.0,https://www.semanticscholar.org/paper/5ed94b8dfaa673ea1d9ebc852c4b2f990bf13220,2,False,Engineering applications of artificial intelligence,Computer Science,JournalArticle,"{'volume': '139', 'pages': '109666', 'name': 'Eng. Appl. Artif. Intell.'}","Parviz Ghafariasl, Masoomeh Zeinalnezhad, Shing Chang","{'DBLP': 'journals/eaai/GhafariaslZC25', 'DOI': '10.1016/j.engappai.2024.109666', 'CorpusId': 274160235}",10.1016/j.engappai.2024.109666,,,PPR,automatic,Ghafariasl2025FinetuningPN
28,7865588bc380ad155cc854591bf93cc4d23ac332,"DDSM, INbreast",MSA-GCN: A Multi-information Selection Aggregation Graph Convolutional Network for Breast Tumor Grading,"Physicians typically combine multi-modal data to make a graded diagnosis of breast tumors. However, most existing breast tumor grading methods rely solely on image information, resulting in limited accuracy in grading. This paper proposes a Multi-information Selection Aggregation Graph Convolutional Networks (MSA-GCN) for breast tumor grading. Firstly, to fully utilize phenotypic data reflecting the clinical and pathological characteristics of tumors, an automatic combination screening and weight encoder is proposed for phenotypic data, which can construct a population graph with improved structural information. Then, a graph structure is designed through similarity learning to reflect the correlation between patient image features. Finally, a multi-information selection aggregation mechanism is employed in the graph convolution model to extract the effective features of multi-modal data and enhance the classification performance of the model. The proposed method is evaluated on different clinical datasets from the Digital Database for Screening Mammography (DDSM) and INbreast. The average classification accuracies are 90.74% and 85.35%, respectively, surpassing the performance of existing methods. In conclusion, our method effectively fuses image and non-image information, leading to a significant improvement in the accuracy of breast tumor grading.",2023.0,https://www.semanticscholar.org/paper/7865588bc380ad155cc854591bf93cc4d23ac332,1,True,IEEE journal of biomedical and health informatics,"Medicine, Computer Science",JournalArticle,"{'volume': '27', 'pages': '5994-6005', 'name': 'IEEE Journal of Biomedical and Health Informatics'}","Kang Li, Suya Han, Lei Yang, Zizhao Sun, Zhan Yu, Hongwei Xu, Ling Ma, Jianbo Gao, Huiqin Jiang","{'DBLP': 'journals/titb/LiHYSYXMGJ23', 'DOI': '10.1109/JBHI.2023.3327755', 'CorpusId': 264516871, 'PubMed': '37883253'}",10.1109/JBHI.2023.3327755,,37883253.0,accuracy,automatic,Li2023MSAGCNAM
29,01c89735a11c5bbe7880700aafd46be278b67869,"DDSM, MIAS",Classification of Mammography Images Using Deep-CNN based Feature Ensemble Approach and its Implementation on a Low-Cost Raspberry Pi,.,2023.0,https://www.semanticscholar.org/paper/01c89735a11c5bbe7880700aafd46be278b67869,3,True,International Journal of Computing and Digital Systems,,JournalArticle,{'name': 'International Journal of Computing and Digital Systems'},"Aarti Bokade, Ankit Shah","{'DOI': '10.12785/ijcds/1301117', 'CorpusId': 259070198}",10.12785/ijcds/1301117,,,PPR,automatic,Bokade2023ClassificationOM
30,a733f1174fef908f483e4a4faf1985b70bdb6889,MIAS,Transfer Learning Assisted Classification of Artefacts Removed and Contrast Improved Digital Mammograms,"Mammograms are essential radiological images used to diagnose breast cancer well in advance. However, an accurate diagnosis also depends on the quality of mammogram images. Therefore, removal of artefacts and mammogram enhancement are necessary pre-processing steps. Artefact removal helps exclude unsolicited regions in the mammograms and limits the search for suspicious regions without excessive impact from the background. Mammogram enhancements improve apparent visual details and improve some features of an image. In this paper, we propose a method for mammogram pre-processing. These pre-processed mammograms are then fed into Deep Convolutional Neural Network for the classification process. Two approaches are used and compared to classify mammograms; Training model from scratch and Transfer Learning. Transfer Learning is an excellent approach to dealing with the small-sized training set, allowing us to consume the extendibility of deep learning entirely. By employing VGG16 as a pre-trained network on the pre-processed MIAS dataset, we improved training accuracy (96.14\%) compared to the model developed from scratch and other strategies described in the literature. ",2022.0,https://www.semanticscholar.org/paper/a733f1174fef908f483e4a4faf1985b70bdb6889,4,True,Scalable Computing : Practice and Experience,Computer Science,JournalArticle,"{'volume': '23', 'pages': '115-127', 'name': 'Scalable Comput. Pract. Exp.'}","P. Oza, Paawan Sharma, Samir B. Patel","{'DBLP': 'journals/scpe/OzaSP22a', 'DOI': '10.12694/scpe.v23i3.1992', 'CorpusId': 252928508}",10.12694/scpe.v23i3.1992,,,"PPR, ROC, accuracy",automatic,Oza2022TransferLA
31,3094ce9f2bc6c5577e5d8ca2cb286b37e565ad1a,"DDSM, CBIS-DDSM",High Precision Mammography Lesion Identification From Imprecise Medical Annotations,"Breast cancer screening using Mammography serves as the earliest defense against breast cancer, revealing anomalous tissue years before it can be detected through physical screening. Despite the use of high resolution radiography, the presence of densely overlapping patterns challenges the consistency of human-driven diagnosis and drives interest in leveraging state-of-art localization ability of deep convolutional neural networks (DCNN). The growing availability of digitized clinical archives enables the training of deep segmentation models, but training using the most widely available form of coarse hand-drawn annotations works against learning the precise boundary of cancerous tissue in evaluation, while producing results that are more aligned with the annotations rather than the underlying lesions. The expense of collecting high quality pixel-level data in the field of medical science makes this even more difficult. To surmount this fundamental challenge, we propose LatentCADx, a deep learning segmentation model capable of precisely annotating cancer lesions underlying hand-drawn annotations, which we procedurally obtain using joint classification training and a strict segmentation penalty. We demonstrate the capability of LatentCADx on a publicly available dataset of 2,620 Mammogram case files, where LatentCADx obtains classification ROC of 0.97, AP of 0.87, and segmentation AP of 0.75 (IOU = 0.5), giving comparable or better performance than other models. Qualitative and precision evaluation of LatentCADx annotations on validation samples reveals that LatentCADx increases the specificity of segmentations beyond that of existing models trained on hand-drawn annotations, with pixel level specificity reaching a staggering value of 0.90. It also obtains sharp boundary around lesions unlike other methods, reducing the confused pixels in the output by more than 60%.",2021.0,https://www.semanticscholar.org/paper/3094ce9f2bc6c5577e5d8ca2cb286b37e565ad1a,1,True,Frontiers in Big Data,"Computer Science, Medicine",JournalArticle,"{'volume': '4', 'name': 'Frontiers in Big Data'}","Ulzee An, Ankit Bhardwaj, K. Shameer, L. Subramanian","{'DBLP': 'journals/fdata/AnBSS21', 'PubMedCentral': '8716325', 'DOI': '10.3389/fdata.2021.742779', 'CorpusId': 244841461, 'PubMed': '34977563'}",10.3389/fdata.2021.742779,,34977563.0,"ROC, precision, specificity",automatic,An2021HighPM
32,50bc2a50159d3dca70799bda18b5b20cac4f4539,CBIS-DDSM,Using a Genetic Algorithm to Update Convolutional Neural Networks for Abnormality Classification in Mammography,": The processing of medical imaging studies is a costly and error-prone task. The use of deep learning algorithms for the automated classification of abnormalities can aid radiologists in interpreting medical images. This paper presents a genetic algorithm that is used to fine-tune the internal parameters of convolutional neural networks trained for abnormality classification in mammographic imaging. We used our genetic algorithm to search for the neural network weights representing the global minimum solution for ResNet50 and Xception architectures. The Xception architecture outperformed the ResNet baseline for both tasks, with the Xception baseline model achieving an AUC score of 72%. The genetic algorithm demonstrated a slight proclivity for improving the general metric evaluations of the network that it fine-tuned, but in some cases, it was still prone to miss good regions in the search space.",2023.0,https://www.semanticscholar.org/paper/50bc2a50159d3dca70799bda18b5b20cac4f4539,0,True,International Conference on Pattern Recognition Applications and Methods,Computer Science,JournalArticle,{'pages': '790-797'},"Steven Wessels, Dustin van der Haar","{'DBLP': 'conf/icpram/WesselsH23', 'DOI': '10.5220/0011648500003411', 'CorpusId': 257356089}",10.5220/0011648500003411,,,"AUC, ROC",automatic,Wessels2023UsingAG
33,37c24f349d3d51444c895f939e9b885025fb50fd,CBIS-DDSM,Two-Stage Approach for Semantic Image Segmentation of Breast Cancer: Deep Learning and Mass Detection in Mammographic Images,,2023.0,https://www.semanticscholar.org/paper/37c24f349d3d51444c895f939e9b885025fb50fd,1,False,International Workshop on Informatics & Data-Driven Medicine,Computer Science,JournalArticle,{'pages': '62-76'},"Fayçal Touazi, Djamel Gaceb, Marouane Chirane, Selma Hrzallah","{'DBLP': 'conf/iddm/TouaziGCH23', 'CorpusId': 266874021}",,,,PPR,automatic,Touazi2023TwoStageAF
34,ecb2aeabd8834638e3eec4f74487719243693677,"CBIS-DDSM, MIAS",Spatially localized sparse approximations of deep features for breast mass characterization,"We propose a deep feature-based sparse approximation classification technique for classification of breast masses into benign and malignant categories in film screen mammographs. This is a significant application as breast cancer is a leading cause of death in the modern world and improvements in diagnosis may help to decrease rates of mortality for large populations. While deep learning techniques have produced remarkable results in the field of computer-aided diagnosis of breast cancer, there are several aspects of this field that remain under-studied. In this work, we investigate the applicability of deep-feature-generated dictionaries to sparse approximation-based classification. To this end we construct dictionaries from deep features and compute sparse approximations of Regions Of Interest (ROIs) of breast masses for classification. Furthermore, we propose block and patch decomposition methods to construct overcomplete dictionaries suitable for sparse coding. The effectiveness of our deep feature spatially localized ensemble sparse analysis (DF-SLESA) technique is evaluated on a merged dataset of mass ROIs from the CBIS-DDSM and MIAS datasets. Experimental results indicate that dictionaries of deep features yield more discriminative sparse approximations of mass characteristics than dictionaries of imaging patterns and dictionaries learned by unsupervised machine learning techniques such as K-SVD. Of note is that the proposed block and patch decomposition strategies may help to simplify the sparse coding problem and to find tractable solutions. The proposed technique achieves competitive performances with state-of-the-art techniques for benign/malignant breast mass classification, using 10-fold cross-validation in merged datasets of film screen mammograms.",2023.0,https://www.semanticscholar.org/paper/ecb2aeabd8834638e3eec4f74487719243693677,3,True,Mathematical biosciences and engineering : MBE,Medicine,JournalArticle,"{'volume': '20', 'pages': '15859 - 15882', 'name': 'Mathematical biosciences and engineering : MBE'}","Chelsea E. Harris, Uchenna Okorie, S. Makrogiannis","{'PubMedCentral': '10949936', 'DOI': '10.3934/mbe.2023706', 'CorpusId': 260389564, 'PubMed': '37919992'}",10.3934/mbe.2023706,,37919992.0,PPR,automatic,Harris2023SpatiallyLS
35,4957c3a79cb7312db7ae0d996119bad0bcf4a414,CBIS-DDSM,Enhancing Breast Cancer Diagnosis: Automated Segmentation and Detection with YOLOv8,": Breast cancer is a pervasive global health concern, demanding precise and timely diagnosis for effective treat-ment. In this research, we present an innovative approach to breast cancer segmentation using YOLOv8x-seg, a specialized variant of the YOLO (You Only Look Once) model optimized for semantic segmentation. The methodology commences with comprehensive data collection from the Curated Breast Imaging Subset of DDSM (CBIS-DDSM) dataset, which encompasses various breast conditions, and meticulous data annotation facilitated by Roboflow. The YOLOv8x-seg model is trained to achieve an F1-score of 95.27% and an IoU (In-tersection over Union) of 89.51%. These metrics are indicative of the model’s ability to accurately identify and segment breast cancer anomalies within mammography images. The anticipated outcome is a model poised to significantly improve the efficiency and accuracy of breast cancer diagnosis, offering a valuable contribution to the field of medical image analysis.",2024.0,https://www.semanticscholar.org/paper/4957c3a79cb7312db7ae0d996119bad0bcf4a414,1,True,International Conference on Agents and Artificial Intelligence,Computer Science,JournalArticle,{'pages': '665-672'},"Farag H. Alhsnony, Lamia Sellami","{'DBLP': 'conf/icaart/AlhsnonyS24', 'DOI': '10.5220/0012382500003636', 'CorpusId': 268225106}",10.5220/0012382500003636,,,"F1, F1-score, PPR, accuracy",automatic,Alhsnony2024EnhancingBC
36,a7ce473d5987b5dabe245b5772de28ea2da1758e,"CBIS-DDSM, INbreast",Local Extremum Mapping for Weak Supervision Learning on Mammogram Classification and Localization,"The early and accurate detection of breast lesions through mammography is crucial for improving survival rates. However, the existing deep learning-based methods often rely on costly pixel-level annotations, limiting their scalability in real-world applications. To address this issue, a novel local extremum mapping (LEM) mechanism is proposed for mammogram classification and weakly supervised lesion localization. The proposed method first divides the input mammogram into multiple regions and generates score maps through convolutional neural networks. Then, it identifies the most informative regions by filtering local extrema in the score maps and aggregating their scores for final classification. This strategy enables lesion localization with only image-level labels, significantly reducing annotation costs. Experiments on two public mammography datasets, CBIS-DDSM and INbreast, demonstrate that the proposed method achieves competitive performance. On the INbreast dataset, LEM improves classification accuracy to 96.3% with an AUC of 0.976. Furthermore, the proposed method effectively localizes lesions with a dice similarity coefficient of 0.37, outperforming Grad-CAM and other baseline approaches. These results highlight the practical significance and potential clinical applications of our approach, making automated mammogram analysis more accessible and efficient.",2025.0,https://www.semanticscholar.org/paper/a7ce473d5987b5dabe245b5772de28ea2da1758e,0,False,Bioengineering,,JournalArticle,"{'volume': '12', 'name': 'Bioengineering'}","Minjuan Zhu, Lei Zhang, Lituan Wang, Zizhou Wang, Yan Wang, Guangwu Qian","{'PubMedCentral': '12024162', 'DOI': '10.3390/bioengineering12040325', 'CorpusId': 277230252}",10.3390/bioengineering12040325,,,"AUC, PPR, accuracy, dice, map",automatic,Zhu2025LocalEM
37,9e9a278c089529de283813efa54f63b0d50d21e3,"INbreast, CBIS-DDSM",Early Breast Cancer Detection Based on Deep Learning: An Ensemble Approach Applied to Mammograms,,2024.0,https://www.semanticscholar.org/paper/9e9a278c089529de283813efa54f63b0d50d21e3,0,False,BioMedInformatics,,JournalArticle,{'name': 'BioMedInformatics'},"Youness Khourdifi, Alae El Alami, Mounia Zaydi, Yassine Maleh, Omar Er-Remyly","{'DOI': '10.3390/biomedinformatics4040127', 'CorpusId': 274759242}",10.3390/biomedinformatics4040127,,,PPR,automatic,Khourdifi2024EarlyBC
38,7d94de2a44e8a90d26759b9aea763373632b635b,CBIS-DDSM,An Integrated Approach for Improved Mammography Image Classification Using EfficientNet and Attention Mechanism,,2024.0,https://www.semanticscholar.org/paper/7d94de2a44e8a90d26759b9aea763373632b635b,1,False,2024 IEEE International Conference on Medical Artificial Intelligence (MedAI),,Conference,"{'pages': '114-122', 'name': '2024 IEEE International Conference on Medical Artificial Intelligence (MedAI)'}","Yangsheng Long, Mou Zhou, Shangzhu Jin, Jun Peng, Yingxu Wang","{'DOI': '10.1109/MedAI62885.2024.00022', 'CorpusId': 275018110}",10.1109/MedAI62885.2024.00022,,,PPR,automatic,Long2024AnIA
39,5f0d3a77b049ff9e0ccee7713bae498dfbf25bb7,CBIS-DDSM,MTU-Net: Multi-Task Convolutional Neural Network for Breast Calcification Segmentation from Mammograms,"Computer-Aided Detection (CAD) is a technology that helps radiologists identify malignant microcalcifications (MCs) on mammograms. By minimizing observational oversight, CAD enhances the radiologist's detection accuracy. However, the high incidence of false positives limits the reliance on these technologies. Breast Arterial Calcifications (BAC) are a common source of false positives. Effective identification and elimination of these false positives are crucial for improving CAD performance in detecting malignant MCs. This paper presents a model that can eliminate BACs from positive findings, thereby enhancing the accuracy of CAD. Inspired by the successful outcomes of the UNet model in various biomedical segmentation tasks, a multitask U-Net (MTU-Net) was developed to simultaneously segment different types of calcifications, including MCs and BACs, in mammograms. This was achieved by integrating multiple fully connected output nodes in the output layer and applying different objective functions for each calcification type instead of training different models or using one model with a shared objective function for different classes. The experimental results demonstrate that the proposed MTU-Net model can reduce training and inference times compared to separate multi-structure segmentation problems. In addition, this helps the model converge faster and delivers better segmentation results for specific samples.",2024.0,https://www.semanticscholar.org/paper/5f0d3a77b049ff9e0ccee7713bae498dfbf25bb7,0,True,"Engineering, Technology &amp; Applied Science Research",,JournalArticle,"{'name': 'Engineering, Technology &amp; Applied Science Research'}",Manal Alghamdi,"{'DOI': '10.48084/etasr.8403', 'CorpusId': 273293585}",10.48084/etasr.8403,,,"ROC, accuracy",automatic,Alghamdi2024MTUNetMC
40,c92555dde2c50a13e682aa5ccf3fddfb749eff5c,CBIS-DDSM,Advancing precision in breast cancer detection: a fusion of vision transformers and CNNs for calcification mammography classification,,2024.0,https://www.semanticscholar.org/paper/c92555dde2c50a13e682aa5ccf3fddfb749eff5c,3,False,Applied intelligence (Boston),Computer Science,JournalArticle,"{'volume': '54', 'pages': '8170-8183', 'name': 'Appl. Intell.'}","S. S. Boudouh, M. Bouakkaz","{'DBLP': 'journals/apin/BoudouhB24', 'DOI': '10.1007/s10489-024-05619-3', 'CorpusId': 270694109}",10.1007/s10489-024-05619-3,,,precision,automatic,Boudouh2024AdvancingPI
41,7b9a5f25f938e106ae9a3b92f30b4f33f57e843f,"CBIS-DDSM, OPTIMAM",Enhancing Breast Microcalcification Classification: From Binary to Three-Class Classifier,,2024.0,https://www.semanticscholar.org/paper/7b9a5f25f938e106ae9a3b92f30b4f33f57e843f,0,False,Conference of the Open Innovations Association,Computer Science,"JournalArticle, Conference","{'pages': '473-481', 'name': '2024 35th Conference of Open Innovations Association (FRUCT)'}","Adam Mracko, Ivan Cimrák, Lucia Vanovcanová","{'DBLP': 'conf/fruct/MrackoCV24', 'DOI': '10.23919/fruct61870.2024.10516355', 'CorpusId': 269649365}",10.23919/fruct61870.2024.10516355,,,ROC,automatic,Mracko2024EnhancingBM
42,f274c198b6ae066cbf0657300957a3705ff019f7,"INbreast, CBIS-DDSM",Improved Loss Function for Mass Segmentation in Mammography Images Using Density and Mass Size,"Mass segmentation is one of the fundamental tasks used when identifying breast cancer due to the comprehensive information it provides, including the location, size, and border of the masses. Despite significant improvement in the performance of the task, certain properties of the data, such as pixel class imbalance and the diverse appearance and sizes of masses, remain challenging. Recently, there has been a surge in articles proposing to address pixel class imbalance through the formulation of the loss function. While demonstrating an enhancement in performance, they mostly fail to address the problem comprehensively. In this paper, we propose a new perspective on the calculation of the loss that enables the binary segmentation loss to incorporate the sample-level information and region-level losses in a hybrid loss setting. We propose two variations of the loss to include mass size and density in the loss calculation. Also, we introduce a single loss variant using the idea of utilizing mass size and density to enhance focal loss. We tested the proposed method on benchmark datasets: CBIS-DDSM and INbreast. Our approach outperformed the baseline and state-of-the-art methods on both datasets.",2024.0,https://www.semanticscholar.org/paper/f274c198b6ae066cbf0657300957a3705ff019f7,1,True,Journal of Imaging,"Computer Science, Medicine",JournalArticle,"{'volume': '10', 'name': 'Journal of Imaging'}","Parvaneh Aliniya, M. Nicolescu, M. Nicolescu, G. Bebis","{'PubMedCentral': '10816853', 'DBLP': 'journals/jimaging/AliniyaNNB24', 'DOI': '10.3390/jimaging10010020', 'CorpusId': 266910684, 'PubMed': '38249005'}",10.3390/jimaging10010020,,38249005.0,PPR,automatic,Aliniya2024ImprovedLF
43,c78205b51395832e98c072b32235e7c031d8ef0b,CBIS-DDSM,A Deep Learning Approach to Detect Breast Cancer Disease from Mammogram Images,,2023.0,https://www.semanticscholar.org/paper/c78205b51395832e98c072b32235e7c031d8ef0b,3,False,2023 26th International Conference on Computer and Information Technology (ICCIT),,Conference,"{'pages': '1-6', 'name': '2023 26th International Conference on Computer and Information Technology (ICCIT)'}","Amir Sohel, Shahed Hossain, Md Umaid Hasan, Onamika Islam, Utpal Chandra Das, Md. Mahfuzur Rahman","{'DOI': '10.1109/ICCIT60459.2023.10441399', 'CorpusId': 268044854}",10.1109/ICCIT60459.2023.10441399,,,PPR,automatic,Sohel2023ADL
44,f0e25f464bf6b9c14bc61bfda22b21f49eac7cbb,"CBIS-DDSM, INbreast",Comprehensive Analysis of Mammography Images Using Multi-Branch Attention Convolutional Neural Network,"Breast cancer profoundly affects women’s lives; its early diagnosis and treatment increase patient survival chances. Mammography is a common screening method for breast cancer, and many methods have been proposed for automatic diagnosis. However, most of them focus on single-label classification and do not provide a comprehensive analysis concerning density, abnormality, and severity levels. We propose a method based on the multi-label classification of two-view mammography images to comprehensively diagnose a patient’s condition. It leverages the correlation between density type, lesion type, and states of lesions, which radiologists usually perform. It simultaneously classifies mammograms into the corresponding density, abnormality type, and severity level. It takes two-view mammograms (with craniocaudal and mediolateral oblique views) as input, analyzes them using ConvNeXt and the channel attention mechanism, and integrates the information from the two views. Finally, the fused information is passed to task-specific multi-branches, which learn task-specific representations and predict the relevant state. The system was trained, validated, and tested using two public domain benchmark datasets, INbreast and the Curated Breast Imaging Subset of DDSM (CBIS-DDSM), and achieved state-of-the-art results. The proposed computer-aided diagnosis (CAD) system provides a holistic observation of a patient’s condition. It gives the radiologists a comprehensive analysis of the mammograms to prepare a full report of the patient’s condition, thereby increasing the diagnostic precision.",2023.0,https://www.semanticscholar.org/paper/f0e25f464bf6b9c14bc61bfda22b21f49eac7cbb,1,True,Applied Sciences,,JournalArticle,{'name': 'Applied Sciences'},"E. Al-Mansour, Muhammad Hussain, Hatim Aboalsamh, Saad Al-ahmadi","{'DOI': '10.3390/app132412995', 'CorpusId': 265704916}",10.3390/app132412995,,,precision,automatic,AlMansour2023ComprehensiveAO
45,f9abe9e8fe79777b1e394c13d3f6545b3ae10f6a,CBIS-DDSM,Enhanced breast mass mammography classification approach based on pre-processing and hybridization of transfer learning models,,2023.0,https://www.semanticscholar.org/paper/f9abe9e8fe79777b1e394c13d3f6545b3ae10f6a,4,False,Journal of Cancer Research and Clinical Oncology,Medicine,JournalArticle,"{'volume': '149', 'pages': '14549 - 14564', 'name': 'Journal of Cancer Research and Clinical Oncology'}","S. S. Boudouh, M. Bouakkaz","{'DOI': '10.1007/s00432-023-05249-1', 'CorpusId': 260839918, 'PubMed': '37567987'}",10.1007/s00432-023-05249-1,,37567987.0,"PPR, ROC",automatic,Boudouh2023EnhancedBM
46,d59f10584c2fde4c7768d27405e1d9ebdbe6420e,CBIS-DDSM,A learning-based approach to breast cancer screening using mammography images,"The current big challenge facing radiologists in healthcare is the automatic detection and classification of masses in breast mammogram images. In the last few years, many researchers have proposed various solutions to this problem. These solutions are effectively dependent and work on annotated breast image data. But these solutions fail when applied to unlabeled and non-annotated breast image data. Therefore, this paper provides the solution to this problem with the help of a neural network that considers any kind of unlabeled data for its procedure. In this solution, the algorithm automatically extracts tumors in images using a segmentation approach, and after that, the features of the tumor are extracted for further processing. This approach used a double thresholding-based segmentation technique to obtain a perfect location of the tumor region, which was not possible in existing techniques in the literature. The experimental results also show that the proposed algorithm provides better accuracy compared to the accuracy of existing algorithms in the literature.",2023.0,https://www.semanticscholar.org/paper/d59f10584c2fde4c7768d27405e1d9ebdbe6420e,0,True,International Journal of Informatics and Communication Technology (IJ-ICT),,,{'name': 'International Journal of Informatics and Communication Technology (IJ-ICT)'},"K. Shaikh, Sabitha Krishnan, Rohit M. Thanki","{'DOI': '10.11591/ijict.v12i1.pp1-11', 'CorpusId': 260558823}",10.11591/ijict.v12i1.pp1-11,,,"PPR, ROC, accuracy",automatic,Shaikh2023ALA
47,a27ec9994158292638cbaefe9fef6a04b4fecd6a,"CBIS-DDSM, INbreast",GFNet: A Deep Learning Framework for Breast Mass Detection,"Background: Breast mass is one of the main symptoms of breast cancer. Effective and accurate detection of breast masses at an early stage would be of great value for clinical breast cancer analysis. Methods: We developed a novel mass detection framework named GFNet. The GFNet is comprised of three modules, including patch extraction, feature extraction, and mass detection. The developed breast mass detection framework is of high robustness and generality that can be self-adapted to images collected by different imaging devices. The patch-based detection is deployed to improve performance. A novel feature extraction technique based on gradient field convergence features (GFCF) is proposed to enhance the information of breast mass and, therefore, provide useful information for the following patch extraction module. A novel false positives reduction method is designed by combining the texture and morphological features in breast mass patch. This is the first attempt at fusing morphological and texture features for breast mass false positive reduction. Results: Compared to other state-of-the-art methods, the proposed GFNet showed the best performance on CBIS-DDSM and INbreast with an accuracy of 0.90 at 2.91 false positive per image (FPI) and 0.99 at only 0.97 FPI, respectively. Conclusions: The GFNet is an effective tool for detecting breast mass.",2023.0,https://www.semanticscholar.org/paper/a27ec9994158292638cbaefe9fef6a04b4fecd6a,3,True,Electronics,,,{'name': 'Electronics'},"Xiang Yu, Ziquan Zhu, Yoav Alon, D. Guttery, Yudong Zhang","{'DOI': '10.3390/electronics12071583', 'CorpusId': 257826519}",10.3390/electronics12071583,,,accuracy,automatic,Yu2023GFNetAD
48,ec37721c1b1990cf3a7ceb996807c09391ba2e5d,"DDSM, INbreast",An Efficient Method for Breast Mass Classification Using Pre-Trained Deep Convolutional Networks,"Masses are the early indicators of breast cancer, and distinguishing between benign and malignant masses is a challenging problem. Many machine learning- and deep learning-based methods have been proposed to distinguish benign masses from malignant ones on mammograms. However, their performance is not satisfactory. Though deep learning has been shown to be effective in a variety of applications, it is challenging to apply it for mass classification since it requires a large dataset for training and the number of available annotated mammograms is limited. A common approach to overcome this issue is to employ a pre-trained model and fine-tune it on mammograms. Though this works well, it still involves fine-tuning a huge number of learnable parameters with a small number of annotated mammograms. To tackle the small set problem in the training or fine-tuning of CNN models, we introduce a new method, which uses a pre-trained CNN without any modifications as an end-to-end model for mass classification, without fine-tuning the learnable parameters. The training phase only identifies the neurons in the classification layer, which yield higher activation for each class, and later on uses the activation of these neurons to classify an unknown mass ROI. We evaluated the proposed approach using different CNN models on the public domain benchmark datasets, such as DDSM and INbreast. The results show that it outperforms the state-of-the-art deep learning-based methods.",2022.0,https://www.semanticscholar.org/paper/ec37721c1b1990cf3a7ceb996807c09391ba2e5d,4,True,Mathematics,,,{'name': 'Mathematics'},"E. Al-Mansour, M. Hussain, Hatim Aboalsamh, Fazal-e-Amin","{'DOI': '10.3390/math10142539', 'CorpusId': 250997926}",10.3390/math10142539,,,PPR,automatic,AlMansour2022AnEM
49,417e5e5465d25eacf570c5a39ec1823b77b70e06,"MIAS, CBIS-DDSM, INbreast",High Performance Breast Cancer Diagnosis From Mammograms Using Mixture of Experts With EfficientNet Features (MoEffNet),"As breast cancer is a leading cause of death for women globally, there is a critical need for better diagnostic tools. To address this challenge, we propose MoEffNet, a cutting-edge framework that offers high-performance breast cancer diagnosis. MoEffNet is characterised by its innovative hybrid integration of EfficientNet and Mixture of Experts (MoEs), using two powerful techniques developed to enhance accuracy and efficiency. EfficientNet, known for its robust feature extraction capabilities, utilises compound scaling and depth-wise separable convolutions to capture image features across multiple levels of abstraction. This is combined with MoEs framework, which employs specialised expert networks to analyse distinct aspects of mammograms. MoEffNet analyses features at various levels: low-level for basic patterns, mid-level for detailed analyses, and high-level for complex contents. Features extracted from various EfficientNet model stages are assigned to specialised experts to optimise diagnostic precision. A dynamic gating mechanism (EffiGate) is introduced to ensure that the most relevant experts contribute to each diagnostic decision, by dynamically adjusting their influence based on input data characteristics. This approach ensures that the most effective experts are utilised for each case, resulting in superior accuracy. The scalability of MoEffNet is highlighted by its ability to adapt to various computational constraints and accuracy requirements, using EfficientNet’s architecture, which ranges from B0 to B7 models. We have validated MoEffNet’s effectiveness on three mammographic datasets (MIAS, CBIS-DDSM, and INbreast) achieving outstanding results (AUC >0.99 across all datasets), outperforming existing methods. Particularly, EfficientNet B1 and B2 models with three or four experts achieved the highest accuracy, demonstrating MoEffNet’s potential as a robust diagnostic tool for early breast cancer detection. Through its innovative hybrid model, robust feature extraction, dynamic gating, and specialised expert networks, MoEffNet sets a new benchmark in automated mammogram analysis, offering a powerful tool for more accurate and reliable breast cancer diagnosis.",2024.0,https://www.semanticscholar.org/paper/417e5e5465d25eacf570c5a39ec1823b77b70e06,2,True,IEEE Access,Computer Science,JournalArticle,"{'volume': '12', 'pages': '133703-133725', 'name': 'IEEE Access'}","H. Ahmed, Asoke K. Nandi","{'DBLP': 'journals/access/AhmedN24', 'DOI': '10.1109/ACCESS.2024.3461360', 'CorpusId': 273049130}",10.1109/ACCESS.2024.3461360,,,"AUC, PPR, accuracy, precision",automatic,Ahmed2024HighPB
50,2a5d8317c2226ba8cc61fc21539362d3ec7e6594,"CMMD, VinDr-Mammo, INbreast",StethoNet: Robust Breast Cancer Mammography Classification Framework,"Despite the emergence of numerous Deep Learning (DL) models for breast cancer detection via mammograms, there is a lack of evidence about their robustness to perform well on new unseen mammograms. To fill this gap, we introduce StethoNet, a DL-based framework that consists of multiple Convolutional Neural Network (CNN) trained models for classifying benign and malignant tumors. StethoNet was trained on the Chinese Mammography Database (CMMD), and tested on unseen images from CMMD, as well as on images from two independent datasets, i.e., the VinDr-Mammo and the INbreast datasets. To mitigate domain-shift effects, we applied an effective entropy-based domain adaptation technique at the preprocessing stage. Furthermore, a Bayesian hyperparameters optimization scheme was implemented for StethoNet optimization. To ensure interpretable results that corroborate with prior clinical knowledge, attention maps generated using Gradient-weighted Class Activation Mapping (GRADCAM) were compared with Regions of Interest (ROIs) identified by radiologists. StethoNet achieved impressive Area Under the receiver operating characteristics Curve (AUC) scores: 90.7% (88.6%-92.8%), 83.9% (76.0%-91.8%), and 85.7% (82.1%-89.4%) for the CMMD, INbreast, and VinDr-Mammo datasets, respectively. These results surpass the current state of the art and highlight the robustness and generalizability of StethoNet, scaffolding the integration of DL models into breast cancer mammography screening workflows.",2024.0,https://www.semanticscholar.org/paper/2a5d8317c2226ba8cc61fc21539362d3ec7e6594,3,True,IEEE Access,Computer Science,JournalArticle,"{'volume': '12', 'pages': '144890-144904', 'name': 'IEEE Access'}","Charalampos Lamprou, Kyriaki Katsikari, Noora Rahmani, L. Hadjileontiadis, M. Seghier, Aamna Alshehhi","{'DBLP': 'journals/access/LamprouKRHSA24', 'DOI': '10.1109/ACCESS.2024.3473010', 'CorpusId': 273114178}",10.1109/ACCESS.2024.3473010,,,"AUC, ROC, Receiver Operating Characteristic, map",automatic,Lamprou2024StethoNetRB
51,51a9765813034c91a4e6e4a3178ff42d00b30cc0,CBIS-DDSM,A Convolutional Neural Network Based Patch Classifier Using Mammograms,": Breast Cancer is the most prevalent cancer among females worldwide. Early detection is key to good prognosis and mammography is the most widely-used technique, particularly in screening programs. However, mammography is a highly-skilled and often time-consuming task. Deep learning methods can facilitate the detection process and assist clinicians in disease diagnosis. There has been much research showing Deep Neural Networks’ successful use in medical imaging to predict early and accurate diagnosis. This paper proposes a patch-based Convolutional Neural Network (CNN) classiﬁcation approach to classify patches (small sections) obtained from mammogram images into either benign or malignant cases. A novel patch extraction approach method, which we call Overlapping Patch Extraction , is developed and compared with the two different techniques, Non-Overlapping Patch Extraction , and a Region-Based-Extraction . Experimentation is conducted using images from the Curated Breast Imaging Subset of Digital Database for Screening Mammography. Five deep learning models, three conﬁgurations of EfﬁcientNet-V2 (B0, B2, and L), ResNet-101, and MobileNet-V3L, are trained on the patches extracted using the discussed methods. Preliminary results indicate that the proposed patch extraction approach, Overlapping, produces a more robust patch dataset. Promising results are obtained using the Overlapping patch extraction technique trained on the EfﬁcientNet-V2L model achieving an AUC of 0.90.",2023.0,https://www.semanticscholar.org/paper/51a9765813034c91a4e6e4a3178ff42d00b30cc0,1,True,International Conference on Agents and Artificial Intelligence,Computer Science,JournalArticle,{'pages': '869-876'},"Yumnah Hasan, Aidan Murphy, Meghana Kshirsagar, C. Ryan","{'DBLP': 'conf/icaart/HasanM0R23', 'DOI': '10.5220/0011790800003393', 'CorpusId': 257360550}",10.5220/0011790800003393,,,"AUC, PPR, ROC",automatic,Hasan2023ACN
52,36c2e396f089e6f3a11e1df658a0dc94f69b6267,CBIS-DDSM,Applied Deep Learning Architectures for Breast Cancer Screening Classification,": Breast cancer (BC) became the most diagnosed cancer, making it one of the deadliest diseases. Mammography is a modality used for early detection of breast cancer. The objective of the present paper is to evaluate and compare deep learning techniques applied to mammogram images. The paper conducts an experimental evaluation of eight deep Convolutional Neural Network (CNN) architectures for a binary classification of breast screening mammograms, namely VGG16, VGG19, DenseNet201, Inception ResNet V2, Inception V3, ResNet 50, MobileNet V2 and Xception. This evaluation was based on four performance metrics (accuracy, precision, recall and f1-score), as well as Scott Knott statistical test and Borda count voting system. The data was extracted from the CBIS-DDSM dataset with 4000 images. And results have shown that DenseNet201 was the most efficient model for the binary classification with an accuracy of 84.27%.",2023.0,https://www.semanticscholar.org/paper/36c2e396f089e6f3a11e1df658a0dc94f69b6267,1,True,International Conference on Agents and Artificial Intelligence,Computer Science,JournalArticle,{'pages': '617-624'},"Asma Zizaan, A. Idri, Hasnae Zerouaoui","{'DBLP': 'conf/icaart/ZizaanIZ23', 'DOI': '10.5220/0011723700003393', 'CorpusId': 257359096}",10.5220/0011723700003393,,,"F1, F1-score, accuracy, precision, recall",automatic,Zizaan2023AppliedDL
53,eed5df6f18d7ead20c9ad313d971364ea8f38041,"VinDr-Mammo, CMMD",Unsupervised domain adaptation of dynamic extension networks based on class decision boundaries,"In response to the problems of inaccurate feature alignment, loss of source domain information, imbalanced sample distribution, and biased class decision boundaries in traditional unsupervised domain adaptation methods, this paper proposes a class decision boundary-based dynamic expansion network unsupervised domain adaptation method called CDE-Net. Specifically, our method dynamically expands the autoencoder-based network structure, which can preserve source domain feature information while gradually adapting to the target domain data distribution and learning useful feature information from the target domain. Meanwhile, by minimizing clustering loss and conditional entropy loss, CDE-Net can explore the intrinsic structure of the data and push class decision boundaries away from dense data areas. We experimentally verify our method on three medical image datasets, chest X-rays, intracranial hemorrhage, and mammography, and achieve an average AUC improvement of 25.8% or more compared to non-transfer methods. In addition, we compare our method with previous unsupervised domain adaptation methods, and the experimental results show that our method achieves better classification accuracy and generalization performance.",2024.0,https://www.semanticscholar.org/paper/eed5df6f18d7ead20c9ad313d971364ea8f38041,1,True,Multim. Syst.,Computer Science,JournalArticle,"{'volume': '30', 'pages': '80', 'name': 'Multim. Syst.'}","Yuanjiao Chen, Diao Wang, Darong Zhu, Zhe Xu, Bishi He","{'DBLP': 'journals/mms/ChenWZXH24', 'DOI': '10.1007/s00530-024-01278-z', 'CorpusId': 268472248}",10.1007/s00530-024-01278-z,,,"AUC, accuracy",automatic,chen2024unsupervised
54,28e31e3a9963c9b5c4d59e0606495aee9de949c1,VinDr-Mammo,An Approach to Classifying Breast Density Level Using Deep Learning-Based Segmentation Model on Full-Field Digital Mammograms,,2023.0,https://www.semanticscholar.org/paper/28e31e3a9963c9b5c4d59e0606495aee9de949c1,0,False,2023 7th International Symposium on Multidisciplinary Studies and Innovative Technologies (ISMSIT),,,"{'pages': '1-6', 'name': '2023 7th International Symposium on Multidisciplinary Studies and Innovative Technologies (ISMSIT)'}","Muhammet Üsame Öziç, Ayşe Sidenur Yilmaz, Halil İbrahim Sandiraz, Baıhaqı Hılmı Estanto","{'DOI': '10.1109/ISMSIT58785.2023.10304947', 'CorpusId': 265056072}",10.1109/ISMSIT58785.2023.10304947,,,PPR,automatic,zi2023AnAT
55,25b5b4835cbf5706eb839e7a1de26c17ecf0c903,"MIAS, VinDr-Mammo",A Novel Transparency Strategy-based Data Augmentation Approach for BI-RADS Classification of Mammograms,,2022.0,https://www.semanticscholar.org/paper/25b5b4835cbf5706eb839e7a1de26c17ecf0c903,2,True,Symposium on Software Performance,Computer Science,JournalArticle,"{'pages': '681-685', 'name': '2023 IEEE Statistical Signal Processing Workshop (SSP)'}","Sam B. Tran, Huyen T. X. Nguyen, Chi Phan, Hieu Pham, H. Nguyen","{'ArXiv': '2203.10609', 'DBLP': 'conf/ssp/TranNPNP23', 'DOI': '10.1109/SSP53291.2023.10207998', 'CorpusId': 258187636}",10.1109/SSP53291.2023.10207998,2203.10609,,PPR,automatic,Tran2022ANT
56,783422df8cc8d13f6889f1462a15201a5172b00c,CMMD,Hybrid Deep Learning and Active Contour Approach for Enhanced Breast Lesion Segmentation and Classification in Mammograms,,2025.0,https://www.semanticscholar.org/paper/783422df8cc8d13f6889f1462a15201a5172b00c,0,True,Intelligent Medicine,,JournalArticle,{'name': 'Intelligence-Based Medicine'},"Abdala Nour, B. Boufama","{'DOI': '10.1016/j.ibmed.2025.100224', 'CorpusId': 276366343}",10.1016/j.ibmed.2025.100224,,,PPR,automatic,nour2025hybrid
57,5dacf8371534c3efe445bacf2781a6c7c1278b73,"INbreast, OPTIMAM",Learnable DoG convolutional filters for microcalcification detection,,2023.0,https://www.semanticscholar.org/paper/5dacf8371534c3efe445bacf2781a6c7c1278b73,1,False,Artif. Intell. Medicine,"Computer Science, Medicine",JournalArticle,"{'volume': '143', 'pages': '\n          102629\n        ', 'name': 'Artificial intelligence in medicine'}","Marco Cantone, Claudio Marrocco, F. Tortorella, Alessandro Bria","{'DBLP': 'journals/artmed/CantoneMTB23', 'DOI': '10.1016/j.artmed.2023.102629', 'CorpusId': 260106279, 'PubMed': '37673567'}",10.1016/j.artmed.2023.102629,,37673567.0,ROC,automatic,cantone2023learnable
58,69af24fe4a7f8a62235b3e516ef779e1d23e59b3,INbreast,Early Breast Cancer Detection by Automated Analysis of Mammograms with Deep Convolutional Networks,,2024.0,https://www.semanticscholar.org/paper/ac030989a02e334bdba13ebe3ae2e824a5f666f3,0,,Soft Computing Models in Industrial and Environmental Applications,,,,"Guillermo Tell-González, Ezequiel López-Rubio, Rafaela Benítez-Rochel, Miguel A. Molina-Cabello",,10.1007/978-3-031-75010-6_5,,,,manual,TellGonzlez2024EarlyBC
59,0035d45cc7c73c037c28ecfc91866c102453f5a4,"DDSM, MIAS, RSNA",Breast Cancer Detection in Mammography Images: A CNN-Based Approach with Feature Selection,"The prompt and accurate diagnosis of breast lesions, including the distinction between cancer, non-cancer, and suspicious cancer, plays a crucial role in the prognosis of breast cancer. In this paper, we introduce a novel method based on feature extraction and reduction for the detection of breast cancer in mammography images. First, we extract features from multiple pre-trained convolutional neural network (CNN) models, and then concatenate them. The most informative features are selected based on their mutual information with the target variable. Subsequently, the selected features can be classified using a machine learning algorithm. We evaluate our approach using four different machine learning algorithms: neural network (NN), k-nearest neighbor (kNN), random forest (RF), and support vector machine (SVM). Our results demonstrate that the NN-based classifier achieves an impressive accuracy of 92% on the RSNA dataset. This dataset is newly introduced and includes two views as well as additional features like age, which contributed to the improved performance. We compare our proposed algorithm with state-of-the-art methods and demonstrate its superiority, particularly in terms of accuracy and sensitivity. For the MIAS dataset, we achieve an accuracy as high as 94.5%, and for the DDSM dataset, an accuracy of 96% is attained. These results highlight the effectiveness of our method in accurately diagnosing breast lesions and surpassing existing approaches.",2023.0,https://www.semanticscholar.org/paper/e8f34161317d6b21ad267588ccaedf02d160ef93,47,,Inf.,,,,"Zahra Jafari, E. Karami",,10.3390/info14070410,,,,manual,Jafari2023BreastCD
60,f783cd6f132de8d5b3b95b687b63a5d1f32cb0b3,CMMD,A Multimodal Deep Learning Model for the Classification of Breast Cancer Subtypes,"Background: Breast cancer is a heterogeneous disease with distinct molecular subtypes, each requiring tailored therapeutic strategies. Accurate classification of these subtypes is crucial for optimizing treatment and improving patient outcomes. While immunohistochemistry remains the gold standard for subtyping, it is invasive and may not fully capture tumor heterogeneity. Artificial Intelligence (AI), particularly Deep Learning (DL), offers a promising non-invasive alternative by analyzing medical imaging data. Methods: In this study, we propose a multimodal DL model that integrates mammography images with clinical metadata to classify breast lesions into five categories: benign, luminal A, luminal B, HER2-enriched, and triple-negative. Using the publicly available Chinese Mammography Database (CMMD), our model was trained and evaluated on a dataset of 4056 images from 1775 patients. Results: The proposed multimodal approach significantly outperformed a unimodal model based solely on mammography images, achieving an AUC of 88.87% for multiclass classification of these five categories, compared to 61.3% AUC for the unimodal model. Conclusions: These findings highlight the potential of multimodal AI-driven approaches for non-invasive breast cancer subtype classification, paving the way for improved diagnostic precision and personalized treatment strategies.",2025.0,https://www.semanticscholar.org/paper/a5f3a98c9ecf8941411e9e152ae0eb5f56b56630,1,,Diagnostics,,,,"Chaima Ben Rabah, Aamenah Sattar, Ahmed Ibrahim, Ahmed Serag",,10.3390/diagnostics15080995,,,,manual,BenRabah2025AMD
