paper_id,cited_dataset,title,abstract,year,url,citation_count,is_open_access,venue,fields_of_study,publication_types,journal,authors,external_ids,doi,arxiv_id,pubmed_id,evaluation_metrics
e0a3c4ffc28e87992dd8413046c0ab3062da4270,DDSM,Deep transfer learning with fuzzy ensemble approach for the early detection of breast cancer,"Breast Cancer is a significant global health challenge, particularly affecting women with higher mortality compared with other cancer types. Timely detection of such cancer types is crucial, and recent research, employing deep learning techniques, shows promise in earlier detection. The research focuses on the early detection of such tumors using mammogram images with deep-learning models. The paper utilized four public databases where a similar amount of 986 mammograms each for three classes (normal, benign, malignant) are taken for evaluation. Herein, three deep CNN models such as VGG-11, Inception v3, and ResNet50 are employed as base classifiers. The research adopts an ensemble method where the proposed approach makes use of the modified Gompertz function for building a fuzzy ranking of the base classification models and their decision scores are integrated in an adaptive manner for constructing the final prediction of results. The classification results of the proposed fuzzy ensemble approach outperform transfer learning models and other ensemble approaches such as weighted average and Sugeno integral techniques. The proposed ResNet50 ensemble network using the modified Gompertz function-based fuzzy ranking approach provides a superior classification accuracy of 98.986%.",2024.0,https://www.semanticscholar.org/paper/e0a3c4ffc28e87992dd8413046c0ab3062da4270,8,True,BMC Medical Imaging,"Medicine, Computer Science",JournalArticle,"{'volume': '24', 'name': 'BMC Medical Imaging'}","S. Chakravarthy, N. Bharanidharan, V. V. Kumar, T. Mahesh, Mohammed S. Alqahtani, Suresh Guluwadi","{'DBLP': 'journals/bmcmi/ChakravarthyBKMAG24', 'PubMedCentral': '11389118', 'DOI': '10.1186/s12880-024-01267-8', 'CorpusId': 268999829, 'PubMed': '38589813'}",10.1186/s12880-024-01267-8,,38589813.0,"PPR, accuracy"
3819b51b28cfa356a909ed5adc2953f7de6e0197,"DDSM, INbreast",Dual view deep learning for enhanced breast cancer screening using mammography,"Breast cancer has the highest incidence rate among women in Ethiopia compared to other types of cancer. Unfortunately, many cases are detected at a stage where a cure is delayed or not possible. To address this issue, mammography-based screening is widely accepted as an effective technique for early detection. However, the interpretation of mammography images requires experienced radiologists in breast imaging, a resource that is limited in Ethiopia. In this research, we have developed a model to assist radiologists in mass screening for breast abnormalities and prioritizing patients. Our approach combines an ensemble of EfficientNet-based classifiers with YOLOv5, a suspicious mass detection method, to identify abnormalities. The inclusion of YOLOv5 detection is crucial in providing explanations for classifier predictions and improving sensitivity, particularly when the classifier fails to detect abnormalities. To further enhance the screening process, we have also incorporated an abnormality detection model. The classifier model achieves an F1-score of 0.87 and a sensitivity of 0.82. With the addition of suspicious mass detection, sensitivity increases to 0.89, albeit at the expense of a slightly lower F1-score of 0.79.",2024.0,https://www.semanticscholar.org/paper/3819b51b28cfa356a909ed5adc2953f7de6e0197,7,True,Scientific Reports,Medicine,JournalArticle,"{'volume': '14', 'name': 'Scientific Reports'}","Samuel Rahimeto Kebede, Fraol Gelana Waldamichael, Taye Girma Debelee, Muluberhan Aleme, Wubalem Bedane, Bethelhem Mezgebu, Z. Merga","{'PubMedCentral': '10869685', 'DOI': '10.1038/s41598-023-50797-8', 'CorpusId': 267698596, 'PubMed': '38360869'}",10.1038/s41598-023-50797-8,,38360869.0,"F1, F1-score, PPR, ROC, sensitivity"
9f576423d707593b67d602d560fc7354badffdf5,"DDSM, INbreast",Deep learning versus classical neural approach to mammogram recognition,"Bull. Pol. Ac.: Tech. 66(6) 2018 Abstract. Automatic recognition of mammographic images in breast cancer is a complex issue due to the confusing appearance of some perfectly normal tissues which look like masses. The existing computer-aided systems suffer from non-satisfactory accuracy of cancer detection. This paper addresses this problem and proposes two alternative techniques of mammogram recognition: the application of a variety of methods for definition of numerical image descriptors in combination with an efficient SVM classifier (so-called classical approach) and application of deep learning in the form of convolutional neural networks, enhanced with additional transformations of input mammographic images. The key point of the first approach is defining the proper numerical image descriptors and selecting the set which is the most class discriminative. To achieve better performance of the classifier, many image descriptors were defined by means of applying different characterization of the images: Hilbert curve representation, Kolmogorov-Smirnov statistics, the maximum subregion principle, percolation theory, fractal texture descriptors as well as application of wavelet and wavelet packets. Thanks to them, better description of the basic image properties has been obtained. In the case of deep learning, the features are automatically extracted as part of convolutional neural network learning. To get better quality of results, additional representations of mammograms, in the form of nonnegative matrix factorization and the self-similarity principle, have been proposed. The methods applied were evaluated based on a large database composed of 10,168 regions of interest in mammographic images taken from the DDSM database. Experimental results prove the advantage of deep learning over traditional approach to image recognition. Our best average accuracy in recognizing abnormal cases (malignant plus benign versus healthy) was 85.83%, with sensitivity of 82.82%, specificity of 86.59% and AUC = 0.919. These results are among the best for this massive database.",2023.0,https://www.semanticscholar.org/paper/9f576423d707593b67d602d560fc7354badffdf5,22,True,Bulletin of the Polish Academy of Sciences: Technical Sciences,Computer Science,JournalArticle,{'name': 'Bulletin of the Polish Academy of Sciences Technical Sciences'},"J. Kurek, B. Świderski, S. Osowski, M. Kruk, W. Barhoumi","{'MAG': '2952315395', 'DOI': '10.24425/BPAS.2018.125930', 'CorpusId': 197477471}",10.24425/BPAS.2018.125930,,,"AUC, PPR, accuracy, sensitivity, specificity"
46390c66047398db8d3d0fe617e45430dc3ee352,"CBIS-DDSM, DDSM",Deep Cross-Training: An Approach to Improve Deep Neural Network Classification on Mammographic Images,,2023.0,https://www.semanticscholar.org/paper/46390c66047398db8d3d0fe617e45430dc3ee352,9,False,Expert systems with applications,Computer Science,JournalArticle,"{'volume': '238', 'pages': '122142', 'name': 'Expert Syst. Appl.'}","Keila Lucas dos Santos, Marcelino Pereira dos Santos Silva","{'DBLP': 'journals/eswa/SantosS24', 'DOI': '10.1016/j.eswa.2023.122142', 'CorpusId': 264417355}",10.1016/j.eswa.2023.122142,,,PPR
e8f34161317d6b21ad267588ccaedf02d160ef93,"DDSM, MIAS",Breast Cancer Detection in Mammography Images: A CNN-Based Approach with Feature Selection,"The prompt and accurate diagnosis of breast lesions, including the distinction between cancer, non-cancer, and suspicious cancer, plays a crucial role in the prognosis of breast cancer. In this paper, we introduce a novel method based on feature extraction and reduction for the detection of breast cancer in mammography images. First, we extract features from multiple pre-trained convolutional neural network (CNN) models, and then concatenate them. The most informative features are selected based on their mutual information with the target variable. Subsequently, the selected features can be classified using a machine learning algorithm. We evaluate our approach using four different machine learning algorithms: neural network (NN), k-nearest neighbor (kNN), random forest (RF), and support vector machine (SVM). Our results demonstrate that the NN-based classifier achieves an impressive accuracy of 92% on the RSNA dataset. This dataset is newly introduced and includes two views as well as additional features like age, which contributed to the improved performance. We compare our proposed algorithm with state-of-the-art methods and demonstrate its superiority, particularly in terms of accuracy and sensitivity. For the MIAS dataset, we achieve an accuracy as high as 94.5%, and for the DDSM dataset, an accuracy of 96% is attained. These results highlight the effectiveness of our method in accurately diagnosing breast lesions and surpassing existing approaches.",2023.0,https://www.semanticscholar.org/paper/e8f34161317d6b21ad267588ccaedf02d160ef93,43,True,Inf.,Computer Science,JournalArticle,"{'volume': '14', 'pages': '410', 'name': 'Inf.'}","Zahra Jafari, E. Karami","{'DBLP': 'journals/information/JafariK23', 'DOI': '10.3390/info14070410', 'CorpusId': 259964125}",10.3390/info14070410,,,"PPR, accuracy, sensitivity"
7a31444217da179415bf465a037e4993730b41f6,"DDSM, EMBED",SABMIS: sparse approximation based blind multi-image steganography scheme,"We hide grayscale secret images into a grayscale cover image, which is considered to be a challenging steganography problem. Our goal is to develop a steganography scheme with enhanced embedding capacity while preserving the visual quality of the stego-image as well as the extracted secret image, and ensuring that the stego-image is resistant to steganographic attacks. The novel embedding rule of our scheme helps to hide secret image sparse coefficients into the oversampled cover image sparse coefficients in a staggered manner. The stego-image is constructed by using the Alternating Direction Method of Multipliers (ADMM) to solve the Least Absolute Shrinkage and Selection Operator (LASSO) formulation of the underlying minimization problem. Finally, the secret images are extracted from the constructed stego-image using the reverse of our embedding rule. Using these components together, to achieve the above mentioned competing goals, forms our most novel contribution. We term our scheme SABMIS (Sparse Approximation Blind Multi-Image Steganography). We perform extensive experiments on several standard images. By choosing the size of the length and the width of the secret images to be half of the length and the width of cover image, respectively, we obtain embedding capacities of 2 bpp (bits per pixel), 4 bpp, 6 bpp, and 8 bpp while embedding one, two, three, and four secret images, respectively. Our focus is on hiding multiple secret images. For the case of hiding two and three secret images, our embedding capacities are higher than all the embedding capacities obtained in the literature until now (3 times and 6 times than the existing best, respectively). For the case of hiding four secret images, although our capacity is slightly lower than one work (about 2/3rd), we do better on the other two goals (quality of stego-image & extracted secret image as well as resistance to steganographic attacks). For our experiments, there is very little deterioration in the quality of the stego-images as compared to their corresponding cover images. Like all other competing works, this is supported visually as well as over 30 dB of Peak Signal-to-Noise Ratio (PSNR) values. The good quality of the stego-images is further validated by multiple numerical measures. None of the existing works perform this exhaustive validation. When using SABMIS, the quality of the extracted secret images is almost same as that of the corresponding original secret images. This aspect is also not demonstrated in all competing literature. SABMIS further improves the security of the inherently steganographic attack resistant transform based schemes. Thus, it is one of the most secure schemes among the existing ones. Additionally, we demonstrate that SABMIS executes in few minutes, and show its application on the real-life problems of securely transmitting medical images over the internet.",2021.0,https://www.semanticscholar.org/paper/7a31444217da179415bf465a037e4993730b41f6,6,True,PeerJ Computer Science,"Medicine, Computer Science",JournalArticle,"{'volume': '8', 'name': 'PeerJ Computer Science'}","R. Agrawal, K. Ahuja, M. Steinbach, T. Wick","{'PubMedCentral': '9748825', 'ArXiv': '2110.11418', 'DBLP': 'journals/peerj-cs/AgrawalASW22', 'DOI': '10.7717/peerj-cs.1080', 'CorpusId': 239616253, 'PubMed': '36532802'}",10.7717/peerj-cs.1080,2110.11418,36532802.0,PPR
32320a5c9a49868b851ef6727cc3d0bd80f9f011,DDSM,Segmentation of malignant tumours in mammogram images: A hybrid approach using convolutional neural networks and connected component analysis,,2021.0,https://www.semanticscholar.org/paper/32320a5c9a49868b851ef6727cc3d0bd80f9f011,7,False,Expert Syst. J. Knowl. Eng.,Computer Science,JournalArticle,"{'volume': '39', 'name': 'Expert Systems'}","Abhijit Roy, B. Singh, S. K. Banchhor, K. Verma","{'MAG': '3204894386', 'DBLP': 'journals/es/RoySBV22', 'DOI': '10.1111/exsy.12826', 'CorpusId': 244213924}",10.1111/exsy.12826,,,PPR
065d77e46d3f7f06527b504cafdc44130cfb730a,DDSM,Large-scale Robust Deep AUC Maximization: A New Surrogate Loss and Empirical Studies on Medical Image Classification,,2020.0,https://www.semanticscholar.org/paper/065d77e46d3f7f06527b504cafdc44130cfb730a,111,True,IEEE International Conference on Computer Vision,"Computer Science, Mathematics","JournalArticle, Conference","{'pages': '3020-3029', 'name': '2021 IEEE/CVF International Conference on Computer Vision (ICCV)'}","Zhuoning Yuan, Yan Yan, M. Sonka, Tianbao Yang","{'DBLP': 'conf/iccv/Yuan0SY21', 'ArXiv': '2012.03173', 'DOI': '10.1109/ICCV48922.2021.00303', 'CorpusId': 237438763}",10.1109/ICCV48922.2021.00303,2012.03173,,AUC
74dff3ce12136ea987ce28fe0d665933092b29d7,DDSM,Fusion of Orthogonal Moment Features for Mammographic Mass Detection and Diagnosis,"Masses are mammographic nonpalpable signs of breast cancer. These masses could be detected using screening mammography. This paper proposed a system utilizing orthogonal moment invariants (OMIs) features for mammographic masses detection and diagnosis. In this work, three sets of OMIs features were extracted. These OMIs features are Gaussian-Hermite moments (GHMs), Gegenbauer moments (GeMs), and Legendre moments (LMs). The extracted features are fused and presented to the particle swarm optimization (PSO) algorithm for feature selection. The classification step is achieved using the support vector machine (SVM). The proposed system is evaluated using 400 regions, extracted from the DDSM dataset. The obtained results reveal the promising application of OMIs features for masses detection and identification. It shows that fusing the OMIs features produces an acceptable detection performance where the area under the receiver operating characteristics (ROC) curve is <inline-formula> <tex-math notation=""LaTeX"">$Az=0.969\pm 0.01$ </tex-math></inline-formula> and the best performance of OMIs features is <inline-formula> <tex-math notation=""LaTeX"">$Az = 0.856\pm 0.053$ </tex-math></inline-formula> for characterizing the malignancy of masses.",2020.0,https://www.semanticscholar.org/paper/74dff3ce12136ea987ce28fe0d665933092b29d7,8,True,IEEE Access,Computer Science,JournalArticle,"{'volume': '8', 'pages': '129911-129923', 'name': 'IEEE Access'}","M. A. A. El-Soud, Imad Zyout, Khalid M. Hosny, M. Eltoukhy","{'DBLP': 'journals/access/El-SoudZHE20', 'MAG': '3041464015', 'DOI': '10.1109/ACCESS.2020.3008038', 'CorpusId': 220734879}",10.1109/ACCESS.2020.3008038,,,"ROC, Receiver Operating Characteristic"
43cd7dcd12eca32b4e18a194030d75ae55903e7d,DDSM,An Approach to BI-RADS Uncertainty Levels Classification Via Deep Learning with Transfer Learning Technique,,2020.0,https://www.semanticscholar.org/paper/43cd7dcd12eca32b4e18a194030d75ae55903e7d,5,False,2020 IEEE 33rd International Symposium on Computer-Based Medical Systems (CBMS),Computer Science,JournalArticle,"{'pages': '603-608', 'name': '2020 IEEE 33rd International Symposium on Computer-Based Medical Systems (CBMS)'}","A. G. Medeiros, E. F. Ohata, Francisco H. S. Silva, P. Rego, P. P. R. Filho","{'MAG': '3082095991', 'DBLP': 'conf/cbms/MedeirosOSRF20', 'DOI': '10.1109/CBMS49503.2020.00119', 'CorpusId': 221473314}",10.1109/CBMS49503.2020.00119,,,PPR
5fe1f3e6ba3f7aeb63a437c3f9326832a8247073,DDSM,Automatic detection and classification of abnormal tissues on digital mammograms based on a bag-of-visual-words approach,,2020.0,https://www.semanticscholar.org/paper/5fe1f3e6ba3f7aeb63a437c3f9326832a8247073,13,False,Medical Imaging,"Computer Science, Engineering",JournalArticle,"{'volume': '11314', 'pages': '1131424 - 1131424-8'}","E. Rodríguez-Esparza, L. A. Zanella-Calzada, D. Oliva, M. Pérez-Cisneros","{'MAG': '3010693434', 'DBLP': 'conf/micad/Rodriguez-Esparza20', 'DOI': '10.1117/12.2549899', 'CorpusId': 215993682}",10.1117/12.2549899,,,PPR
d140fecf5c1582b588717c88b55001106b25bd31,"CBIS-DDSM, DDSM",Compositional Training for End-to-End Deep AUC Maximization,,2022.0,https://www.semanticscholar.org/paper/d140fecf5c1582b588717c88b55001106b25bd31,25,False,International Conference on Learning Representations,Computer Science,JournalArticle,,"Zhuoning Yuan, Zhishuai Guo, N. Chawla, Tianbao Yang","{'DBLP': 'conf/iclr/YuanGCY22', 'CorpusId': 251648924}",,,,AUC
a6b1a7b03ceace7fda1908a0fbe1e352b9fedb5d,"DDSM, EMBED",Breast Cancer Classification Using Deep Convolution Neural Network with Transfer Learning,"In this paper, we aim to apply deep learning convolution neural network (Deep-CNN) technology to classify breast masses in mammograms. We develop a Deep-CNN combined with multi-feature extraction and transfer learning to detect breast cancer. The Deep-CNN is utilized to extract features from mammograms. A support vector machine (SVM) is then trained on the Deep-CNN features to classify normal, benign, and cancer cases. The scoring features from the Deep-CNN are coupled with texture features and used as inputs to the final classifier. Two texture features are included: texture features of spatial dependency and gradient-based histograms. Both are employed to locate breast masses in mammograms. Next we apply transfer learning to the classifier of the SVM. Four techniques are devised for the experimental evaluation of the proposed system. The fourth technique combines the Deep-CNN with texture features and local features extracted by the scale-invariant feature transform (SIFT) algorithm. Experiments are designed to measure the performance of the various techniques. The results demonstrate that the proposed CNN coupled with the texture features and the SIFT outperforms the other models and performs best with transfer learning embedded. The accuracy of this model is 97.8%, with a true positive rate of 98.45% and a true negative rate of 96%.",2021.0,https://www.semanticscholar.org/paper/a6b1a7b03ceace7fda1908a0fbe1e352b9fedb5d,8,True,Intelligent Automation and Soft Computing,,,{'name': 'Intelligent Automation & Soft Computing'},"Hanan A. Hosni Mahmoud, Amal H. Alharbi, Doaa S. Khafga","{'DOI': '10.32604/iasc.2021.018607', 'CorpusId': 241840485}",10.32604/iasc.2021.018607,,,"accuracy, true positive rate"
0f62254d9a439eb91579d1696477b5a1d9a11fe9,DDSM,Medical Image Classification Using a Light-Weighted Hybrid Neural Network Based on PCANet and DenseNet,"Medical image classification plays an important role in disease diagnosis since it can provide important reference information for doctors. The supervised convolutional neural networks (CNNs) such as DenseNet provide the versatile and effective method for medical image classification tasks, but they require large amounts of data with labels and involve complex and time-consuming training process. The unsupervised CNNs such as principal component analysis network (PCANet) need no labels for training but cannot provide desirable classification accuracy. To realize the accurate medical image classification in the case of a small training dataset, we have proposed a light-weighted hybrid neural network which consists of a modified PCANet cascaded with a simplified DenseNet. The modified PCANet has two stages, in which the network produces the effective feature maps at each stage by convoluting inputs with various learned kernels. The following simplified DenseNet with a small number of weights will take all feature maps produced by the PCANet as inputs and employ the dense shortcut connections to realize accurate medical image classification. To appreciate the performance of the proposed method, some experiments have been done on mammography and osteosarcoma histology images. Experimental results show that the proposed hybrid neural network is easy to train and it outperforms such popular CNN models as PCANet, ResNet and DenseNet in terms of classification accuracy, sensitivity and specificity.",2020.0,https://www.semanticscholar.org/paper/0f62254d9a439eb91579d1696477b5a1d9a11fe9,68,True,IEEE Access,Computer Science,JournalArticle,"{'volume': '8', 'pages': '24697-24712', 'name': 'IEEE Access'}","Zhiwen Huang, Xingxing Zhu, Mingyue Ding, Xuming Zhang","{'MAG': '3004707432', 'DBLP': 'journals/access/HuangZDZ20', 'DOI': '10.1109/ACCESS.2020.2971225', 'CorpusId': 211120010}",10.1109/ACCESS.2020.2971225,,,"PPR, ROC, accuracy, map, sensitivity, specificity"
651d3523a13b70429c0bf8624573a5cfbabc6b41,"CBIS-DDSM, DDSM, INbreast",Breast Cancer Diagnosis Using YOLO-Based Multiscale Parallel CNN and Flattened Threshold Swish,"In the field of biomedical imaging, the use of Convolutional Neural Networks (CNNs) has achieved impressive success. Additionally, the detection and pathological classification of breast masses creates significant challenges. Traditional mammogram screening, conducted by healthcare professionals, is often exhausting, costly, and prone to errors. To address these issues, this research proposes an end-to-end Computer-Aided Diagnosis (CAD) system utilizing the ‘You Only Look Once’ (YOLO) architecture. The proposed framework begins by enhancing digital mammograms using the Contrast Limited Adaptive Histogram Equalization (CLAHE) technique. Then, features are extracted using the proposed CNN, leveraging multiscale parallel feature extraction capabilities while incorporating DenseNet and InceptionNet architectures. To combat the ‘dead neuron’ problem, the CNN architecture utilizes the ‘Flatten Threshold Swish’ (FTS) activation function. Additionally, the YOLO loss function has been enhanced to effectively handle lesion scale variation in mammograms. The proposed framework was thoroughly tested on two publicly available benchmarks: INbreast and CBIS-DDSM. It achieved an accuracy of 98.72% for breast cancer classification on the INbreast dataset and a mean Average Precision (mAP) of 91.15% for breast cancer detection on the CBIS-DDSM. The proposed CNN architecture utilized only 11.33 million parameters for training. These results highlight the proposed framework’s ability to revolutionize vision-based breast cancer diagnosis.",2024.0,https://www.semanticscholar.org/paper/651d3523a13b70429c0bf8624573a5cfbabc6b41,6,True,Applied Sciences,,JournalArticle,{'name': 'Applied Sciences'},"Ahmed Dhahi Mohammed, Dursun Ekmekci","{'DOI': '10.3390/app14072680', 'CorpusId': 268645257}",10.3390/app14072680,,,"accuracy, map, mean average precision, precision"
f76a633e057b8e416553a4982b63ff724c06dfe4,CBIS-DDSM,Attention-Map Augmentation for Hypercomplex Breast Cancer Classification,,2023.0,https://www.semanticscholar.org/paper/f76a633e057b8e416553a4982b63ff724c06dfe4,12,True,Pattern Recognition Letters,"Computer Science, Engineering",JournalArticle,"{'volume': '182', 'pages': '140-146', 'name': 'Pattern Recognit. Lett.'}","E. Lopez, Filippo Betello, Federico Carmignani, Eleonora Grassucci, Danilo Comminiello","{'ArXiv': '2310.07633', 'DBLP': 'journals/prl/LopezBCGC24', 'DOI': '10.48550/arXiv.2310.07633', 'CorpusId': 263834838}",10.48550/arXiv.2310.07633,2310.07633,,map
812819a2cac8c3f3cd7023b4701bffdf1ad254da,CBIS-DDSM,MLN-net: A multi-source medical image segmentation method for clustered microcalcifications using multiple layer normalization,,2023.0,https://www.semanticscholar.org/paper/812819a2cac8c3f3cd7023b4701bffdf1ad254da,8,True,Knowledge-Based Systems,Computer Science,JournalArticle,"{'volume': 'abs/2309.02742', 'name': 'ArXiv'}","Ke Wang, Zanting Ye, Xiang Xie, Haidong Cui, Tao Chen, Banteng Liu","{'ArXiv': '2309.02742', 'DBLP': 'journals/corr/abs-2309-02742', 'DOI': '10.1016/j.knosys.2023.111127', 'CorpusId': 261557525}",10.1016/j.knosys.2023.111127,2309.02742,,ROC
7da88694119fcb63aa82348ec994e055384c535f,CBIS-DDSM,Breast cancer diagnosis using hybrid AlexNet-ELM and chimp optimization algorithm evolved by Nelder-mead simplex approach,,2023.0,https://www.semanticscholar.org/paper/7da88694119fcb63aa82348ec994e055384c535f,9,False,Biomedical Signal Processing and Control,Computer Science,JournalArticle,"{'volume': '85', 'pages': '105053', 'name': 'Biomed. Signal Process. Control.'}","Junyue Cao, Diyar Qader Zeebaree, Qingfeng Chen, D. A. Zebari","{'DBLP': 'journals/bspc/CaoZCZ23', 'DOI': '10.1016/j.bspc.2023.105053', 'CorpusId': 259081579}",10.1016/j.bspc.2023.105053,,,PPR
b7ec16f909aab6108bcc4e88e2312e7f0ec46156,"CBIS-DDSM, DDSM, MIAS",A divide and conquer approach to maximise deep learning mammography classification accuracies,"Breast cancer claims 11,400 lives on average every year in the UK, making it one of the deadliest diseases. Mammography is the gold standard for detecting early signs of breast cancer, which can help cure the disease during its early stages. However, incorrect mammography diagnoses are common and may harm patients through unnecessary treatments and operations (or a lack of treatment). Therefore, systems that can learn to detect breast cancer on their own could help reduce the number of incorrect interpretations and missed cases. Various deep learning techniques, which can be used to implement a system that learns how to detect instances of breast cancer in mammograms, are explored throughout this paper. Convolution Neural Networks (CNNs) are used as part of a pipeline based on deep learning techniques. A divide and conquer approach is followed to analyse the effects on performance and efficiency when utilising diverse deep learning techniques such as varying network architectures (VGG19, ResNet50, InceptionV3, DenseNet121, MobileNetV2), class weights, input sizes, image ratios, pre-processing techniques, transfer learning, dropout rates, and types of mammogram projections. This approach serves as a starting point for model development of mammography classification tasks. Practitioners can benefit from this work by using the divide and conquer results to select the most suitable deep learning techniques for their case out-of-the-box, thus reducing the need for extensive exploratory experimentation. Multiple techniques are found to provide accuracy gains relative to a general baseline (VGG19 model using uncropped 512 × 512 pixels input images with a dropout rate of 0.2 and a learning rate of 1 × 10−3) on the Curated Breast Imaging Subset of DDSM (CBIS-DDSM) dataset. These techniques involve transfer learning pre-trained ImagetNet weights to a MobileNetV2 architecture, with pre-trained weights from a binarised version of the mini Mammography Image Analysis Society (mini-MIAS) dataset applied to the fully connected layers of the model, coupled with using weights to alleviate class imbalance, and splitting CBIS-DDSM samples between images of masses and calcifications. Using these techniques, a 5.6% gain in accuracy over the baseline model was accomplished. Other deep learning techniques from the divide and conquer approach, such as larger image sizes, do not yield increased accuracies without the use of image pre-processing techniques such as Gaussian filtering, histogram equalisation and input cropping.",2023.0,https://www.semanticscholar.org/paper/b7ec16f909aab6108bcc4e88e2312e7f0ec46156,11,True,PLoS ONE,Medicine,JournalArticle,"{'volume': '18', 'name': 'PLOS ONE'}","Adam Jaamour, Craig Myles, Ashay Patel, Shuen-Jen Chen, Lewis McMillan, David Harris-Birtill","{'PubMedCentral': '10218746', 'DOI': '10.1371/journal.pone.0280841', 'CorpusId': 258928760, 'PubMed': '37235566'}",10.1371/journal.pone.0280841,,37235566.0,"PPR, ROC, accuracy"
4609ebda9d57149cb7850977ab44f08b62f43107,CBIS-DDSM,DeepMiCa: Automatic segmentation and classification of breast MIcroCAlcifications from mammograms,,2023.0,https://www.semanticscholar.org/paper/4609ebda9d57149cb7850977ab44f08b62f43107,14,False,Comput. Methods Programs Biomed.,"Computer Science, Medicine",JournalArticle,"{'volume': '235', 'pages': '\n          107483\n        ', 'name': 'Computer methods and programs in biomedicine'}","Alessia Gerbasi, Greta Clementi, F. Corsi, S. Albasini, A. Malovini, S. Quaglini, R. Bellazzi","{'DBLP': 'journals/cmpb/GerbasiCCAMQB23', 'DOI': '10.1016/j.cmpb.2023.107483', 'CorpusId': 251562673, 'PubMed': '37030174'}",10.1016/j.cmpb.2023.107483,,37030174.0,ROC
12f758ecef890db5e5eef1a49a76855a3e1ef9b9,"CBIS-DDSM, DDSM, EMBED",Deep feature selection using local search embedded social ski-driver optimization algorithm for breast cancer detection in mammograms,"Breast cancer has become a common malignancy in women. However, early detection and identification of this disease can save many lives. As computer-aided detection helps radiologists in detecting abnormalities efficiently, researchers across the world are striving to develop reliable models to deal with. One of the common approaches to identifying breast cancer is through breast mammograms. However, the identification of malignant breasts from mass lesions is a challenging research problem. In the current work, we propose a method for the classification of breast mass using mammograms which consists of two main stages. At first, we extract deep features from the input mammograms using the well-known VGG16 model while incorporating an attention mechanism into this model. Next, we apply a meta-heuristic called Social Ski-Driver (SSD) algorithm embedded with Adaptive Beta Hill Climbing based local search to obtain an optimal features subset. The optimal features subset is fed to the K-nearest neighbors (KNN) classifier for the classification. The proposed model is demonstrated to be very useful for identifying and differentiating malignant and healthy breasts successfully. For experimentation, we evaluate our model on the digital database for screening mammography (DDSM) database and achieve 96.07% accuracy using only 25% of features extracted by the attention-aided VGG16 model. The Python code of our research work is publicly available at: https://github.com/Ppayel/BreastLocalSearchSSD .",2022.0,https://www.semanticscholar.org/paper/12f758ecef890db5e5eef1a49a76855a3e1ef9b9,28,True,Neural computing & applications (Print),"Medicine, Computer Science",JournalArticle,"{'volume': '35', 'pages': '5479 - 5499', 'name': 'Neural Computing & Applications'}","Payel Pramanik, Souradeep Mukhopadhyay, Seyedali Mirjalili, Ram Sarkar","{'DBLP': 'journals/nca/PramanikMMS23', 'PubMedCentral': '9638217', 'DOI': '10.1007/s00521-022-07895-x', 'CorpusId': 253375184, 'PubMed': '36373132'}",10.1007/s00521-022-07895-x,,36373132.0,"PPR, accuracy"
85deafa7949121ada7640c64cc62d95e3cdee9ac,"CBIS-DDSM, DDSM, INbreast",An integrated framework for breast mass classification and diagnosis using stacked ensemble of residual neural networks,"A computer-aided diagnosis (CAD) system requires automated stages of tumor detection, segmentation, and classification that are integrated sequentially into one framework to assist the radiologists with a final diagnosis decision. In this paper, we introduce the final step of breast mass classification and diagnosis using a stacked ensemble of residual neural network (ResNet) models (i.e. ResNet50V2, ResNet101V2, and ResNet152V2). The work presents the task of classifying the detected and segmented breast masses into malignant or benign, and diagnosing the Breast Imaging Reporting and Data System (BI-RADS) assessment category with a score from 2 to 6 and the shape as oval, round, lobulated, or irregular. The proposed methodology was evaluated on two publicly available datasets, the Curated Breast Imaging Subset of Digital Database for Screening Mammography (CBIS-DDSM) and INbreast, and additionally on a private dataset. Comparative experiments were conducted on the individual models and an average ensemble of models with an XGBoost classifier. Qualitative and quantitative results show that the proposed model achieved better performance for (1) Pathology classification with an accuracy of 95.13%, 99.20%, and 95.88%; (2) BI-RADS category classification with an accuracy of 85.38%, 99%, and 96.08% respectively on CBIS-DDSM, INbreast, and the private dataset; and (3) shape classification with 90.02% on the CBIS-DDSM dataset. Our results demonstrate that our proposed integrated framework could benefit from all automated stages to outperform the latest deep learning methodologies.",2022.0,https://www.semanticscholar.org/paper/85deafa7949121ada7640c64cc62d95e3cdee9ac,28,True,Scientific Reports,Medicine,JournalArticle,"{'volume': '12', 'name': 'Scientific Reports'}","Asma Baccouche, B. Garcia-Zapirain, Adel Said Elmaghraby","{'PubMedCentral': '9293883', 'DOI': '10.1038/s41598-022-15632-6', 'CorpusId': 250642388, 'PubMed': '35851592'}",10.1038/s41598-022-15632-6,,35851592.0,accuracy
ca1ebd9403c547b2dff0d0cc6a1e2ce413a71993,"CBIS-DDSM, DDSM",CoroNet: Deep Neural Network-Based End-to-End Training for Breast Cancer Diagnosis,"In 2020, according to the publications of both the Global Cancer Observatory (GCO) and the World Health Organization (WHO), breast cancer (BC) represents one of the highest prevalent cancers in women worldwide. Almost 47% of the world’s 100,000 people are diagnosed with breast cancer, among females. Moreover, BC prevails among 38.8% of Egyptian women having cancer. Current deep learning developments have shown the common usage of deep convolutional neural networks (CNNs) for analyzing medical images. Unlike the randomly initialized ones, pre-trained natural image database (ImageNet)-based CNN models may become successfully fine-tuned to obtain improved findings. To conduct the automatic detection of BC by the CBIS-DDSM dataset, a CNN model, namely CoroNet, is proposed. It relies on the Xception architecture, which has been pre-trained on the ImageNet dataset and has been fully trained on whole-image BC according to mammograms. The convolutional design method is used in this paper, since it performs better than the other methods. On the prepared dataset, CoroNet was trained and tested. Experiments show that in a four-class classification, it may attain an overall accuracy of 94.92% (benign mass vs. malignant mass) and (benign calcification vs. malignant calcification). CoroNet has a classification accuracy of 88.67% for the two-class cases (calcifications and masses). The paper concluded that there are promising outcomes that could be improved because more training data are available.",2022.0,https://www.semanticscholar.org/paper/ca1ebd9403c547b2dff0d0cc6a1e2ce413a71993,23,True,Applied Sciences,,,{'name': 'Applied Sciences'},"Nada Mobark, S. Hamad, S. Rida","{'DOI': '10.3390/app12147080', 'CorpusId': 250568984}",10.3390/app12147080,,,accuracy
39d0b0f5b346b24673d15b78561e1982821f845b,CBIS-DDSM,Breast Cancer Classification Using FCN and Beta Wavelet Autoencoder,"In this paper, a new classification approach of breast cancer based on Fully Convolutional Networks (FCNs) and Beta Wavelet Autoencoder (BWAE) is presented. FCN, as a powerful image segmentation model, is used to extract the relevant information from mammography images. It will identify the relevant zones to model while WAE is used to model the extracted information for these zones. In fact, WAE has proven its superiority to the majority of the features extraction approaches. The fusion of these two techniques have improved the feature extraction phase and this by keeping and modeling only the relevant and useful features for the identification and description of breast masses. The experimental results showed the effectiveness of our proposed method which has given very encouraging results in comparison with the states of the art approaches on the same mammographic image base. A precision rate of 94% for benign and 93% for malignant was achieved with a recall rate of 92% for benign and 95% for malignant. For the normal case, we were able to reach a rate of 100%.",2022.0,https://www.semanticscholar.org/paper/39d0b0f5b346b24673d15b78561e1982821f845b,14,True,Computational Intelligence and Neuroscience,Medicine,JournalArticle,"{'volume': '2022', 'name': 'Computational Intelligence and Neuroscience'}","H. Aleisa, Wajdi Touiti, Amel Ali ALHussan, Najib Ben Aoun, R. Ejbali, M. Zaied, Ayesha Saadia","{'PubMedCentral': '9246636', 'DOI': '10.1155/2022/8044887', 'CorpusId': 250012301, 'PubMed': '35785059'}",10.1155/2022/8044887,,35785059.0,"PPR, precision, recall"
ba06b6b53eff8fd39d6d2361264f2b8ae3e84f6b,CBIS-DDSM,A novel bi-modal extended Huber loss function based refined mask RCNN approach for automatic multi instance detection and localization of breast cancer,,2022.0,https://www.semanticscholar.org/paper/ba06b6b53eff8fd39d6d2361264f2b8ae3e84f6b,6,False,"Proceedings of the Institution of mechanical engineers. Part H, journal of engineering in medicine",Medicine,JournalArticle,"{'volume': '236', 'pages': '1036 - 1053', 'name': 'Proceedings of the Institution of Mechanical Engineers, Part H: Journal of Engineering in Medicine'}","Pradeep Kumar, Abhinav Kumar, Subodh Srivastava, Y. Padma Sai","{'DOI': '10.1177/09544119221095416', 'CorpusId': 248494271, 'PubMed': '35491993'}",10.1177/09544119221095416,,35491993.0,PPR
78a395a80ffbc25be369e903e553d3b0eae720e4,CBIS-DDSM,Categorized contrast enhanced mammography dataset for diagnostic and artificial intelligence research,"Contrast-enhanced spectral mammography (CESM) is a relatively recent imaging modality with increased diagnostic accuracy compared to digital mammography (DM). New deep learning (DL) models were developed that have accuracies equal to that of an average radiologist. However, most studies trained the DL models on DM images as no datasets exist for CESM images. We aim to resolve this limitation by releasing a Categorized Digital Database for Low energy and Subtracted Contrast Enhanced Spectral Mammography images (CDD-CESM) to evaluate decision support systems. The dataset includes 2006 images, with an average resolution of 2355 × 1315, consisting of 310 mass images, 48 architectural distortion images, 222 asymmetry images, 238 calcifications images, 334 mass enhancement images, 184 non-mass enhancement images, 159 postoperative images, 8 post neoadjuvant chemotherapy images, and 751 normal images, with 248 images having more than one finding. This is the first dataset to incorporate data selection, segmentation annotation, medical reports, and pathological diagnosis for all cases. Moreover, we propose and evaluate a DL-based technique to automatically segment abnormal findings in images. Measurement(s) Dual-Energy Contrast-Enhanced Digital Spectral Mammography Technology Type(s) digital curation Sample Characteristic - Organism Homo sapiens • Breast Sample Characteristic - Location Egypt Measurement(s) Dual-Energy Contrast-Enhanced Digital Spectral Mammography Technology Type(s) digital curation Sample Characteristic - Organism Homo sapiens • Breast Sample Characteristic - Location Egypt",2022.0,https://www.semanticscholar.org/paper/78a395a80ffbc25be369e903e553d3b0eae720e4,33,True,Scientific Data,Medicine,JournalArticle,"{'volume': '9', 'name': 'Scientific Data'}","Rana Khaled, M. Helal, Omar Alfarghaly, Omnia Mokhtar, A. Elkorany, H. El Kassas, Aly Fahmy","{'PubMedCentral': '8967853', 'DOI': '10.1038/s41597-022-01238-0', 'CorpusId': 247799110, 'PubMed': '35354835'}",10.1038/s41597-022-01238-0,,35354835.0,accuracy
f5fc3da13039c089a1f99a8ddad94dbeffd84d4b,CBIS-DDSM,Convolutional Neural Networks for Breast Density Classification: Performance and Explanation Insights,"We propose and evaluate a procedure for the explainability of a breast density deep learning based classifier. A total of 1662 mammography exams labeled according to the BI-RADS categories of breast density was used. We built a residual Convolutional Neural Network, trained it and studied the responses of the model to input changes, such as different distributions of class labels in training and test sets and suitable image pre-processing. The aim was to identify the steps of the analysis with a relevant impact on the classifier performance and on the model explainability. We used the grad-CAM algorithm for CNN to produce saliency maps and computed the Spearman’s rank correlation between input images and saliency maps as a measure of explanation accuracy. We found that pre-processing is critical not only for accuracy, precision and recall of a model but also to have a reasonable explanation of the model itself. Our CNN reaches good performances compared to the state-of-art and it considers the dense pattern to make the classification. Saliency maps strongly correlate with the dense pattern. This work is a starting point towards the implementation of a standard framework to evaluate both CNN performances and the explainability of their predictions in medical image classification problems.",2021.0,https://www.semanticscholar.org/paper/f5fc3da13039c089a1f99a8ddad94dbeffd84d4b,11,True,Applied Sciences,,,{'name': 'Applied Sciences'},"Francesca Lizzi, Camilla Scapicchio, F. Laruina, A. Retico, M. Fantacci","{'DOI': '10.3390/app12010148', 'CorpusId': 245477227}",10.3390/app12010148,,,"ROC, accuracy, map, precision, recall"
de5b7f2d35c42a92bae1df7cd16fb56ddd81c391,"CBIS-DDSM, INbreast, MIAS",Classification of Breast Cancer in Mammograms with Deep Learning Adding a Fifth Class,"Breast cancer is one of the diseases of most profound concern, with the most prevalence worldwide, where early detections and diagnoses play the leading role against this disease achieved through imaging techniques such as mammography. Radiologists tend to have a high false positive rate for mammography diagnoses and an accuracy of around 82%. Currently, deep learning (DL) techniques have shown promising results in the early detection of breast cancer by generating computer-aided diagnosis (CAD) systems implementing convolutional neural networks (CNNs). This work focuses on applying, evaluating, and comparing the architectures: AlexNet, GoogLeNet, Resnet50, and Vgg19 to classify breast lesions after using transfer learning with fine-tuning and training the CNN with regions extracted from the MIAS and INbreast databases. We analyzed 14 classifiers, involving 4 classes as several researches have done it before, corresponding to benign and malignant microcalcifications and masses, and as our main contribution, we also added a 5th class for the normal tissue of the mammary parenchyma increasing the correct detection; in order to evaluate the architectures with a statistical analysis based on the received operational characteristics (ROC), the area under the curve (AUC), F1 Score, accuracy, precision, sensitivity, and specificity. We generate the best results with the CNN GoogLeNet trained with five classes on a balanced database with an AUC of 99.29%, F1 Score of 91.92%, the accuracy of 91.92%, precision of 92.15%, sensitivity of 91.70%, and specificity of 97.66%, concluding that GoogLeNet is optimal as a classifier in a CAD system to deal with breast cancer.",2021.0,https://www.semanticscholar.org/paper/de5b7f2d35c42a92bae1df7cd16fb56ddd81c391,13,True,Applied Sciences,,,{'name': 'Applied Sciences'},"Salvador Castro-Tapia, C. L. Castañeda-Miranda, C. Olvera-Olvera, H. A. Guerrero-Osuna, J. Ortiz-Rodríguez, Ma. del Rosario Martínez-Blanco, Germán Díaz-Flórez, J. Mendiola-Santibañez, L. Solís-Sánchez","{'DOI': '10.3390/app112311398', 'CorpusId': 244858159}",10.3390/app112311398,,,"AUC, F1, F1 score, ROC, accuracy, area under the curve, false positive rate, precision, sensitivity, specificity"
5269e5dac2c63932f9793b6ae36909c02bb6c65b,"CBIS-DDSM, DDSM, INbreast",Connected-UNets: a deep learning architecture for breast mass segmentation,"Breast cancer analysis implies that radiologists inspect mammograms to detect suspicious breast lesions and identify mass tumors. Artificial intelligence techniques offer automatic systems for breast mass segmentation to assist radiologists in their diagnosis. With the rapid development of deep learning and its application to medical imaging challenges, UNet and its variations is one of the state-of-the-art models for medical image segmentation that showed promising performance on mammography. In this paper, we propose an architecture, called Connected-UNets, which connects two UNets using additional modified skip connections. We integrate Atrous Spatial Pyramid Pooling (ASPP) in the two standard UNets to emphasize the contextual information within the encoder–decoder network architecture. We also apply the proposed architecture on the Attention UNet (AUNet) and the Residual UNet (ResUNet). We evaluated the proposed architectures on two publically available datasets, the Curated Breast Imaging Subset of Digital Database for Screening Mammography (CBIS-DDSM) and INbreast, and additionally on a private dataset. Experiments were also conducted using additional synthetic data using the cycle-consistent Generative Adversarial Network (CycleGAN) model between two unpaired datasets to augment and enhance the images. Qualitative and quantitative results show that the proposed architecture can achieve better automatic mass segmentation with a high Dice score of 89.52%, 95.28%, and 95.88% and Intersection over Union (IoU) score of 80.02%, 91.03%, and 92.27%, respectively, on CBIS-DDSM, INbreast, and the private dataset.",2021.0,https://www.semanticscholar.org/paper/5269e5dac2c63932f9793b6ae36909c02bb6c65b,93,True,npj Breast Cancer,Medicine,JournalArticle,"{'volume': '7', 'name': 'NPJ Breast Cancer'}","Asma Baccouche, B. Garcia-Zapirain, Cristian Castillo Olea, Adel Said Elmaghraby","{'PubMedCentral': '8640011', 'DOI': '10.1038/s41523-021-00358-x', 'CorpusId': 244803559, 'PubMed': '34857755'}",10.1038/s41523-021-00358-x,,34857755.0,dice
b9777d8ba1cbfd7e6e4804f3d41df8490ca99166,CBIS-DDSM,Deep Vision for Breast Cancer Classification and Segmentation,"Simple Summary Breast cancer misdiagnoses increase individual and system stressors as well as costs and result in increased morbidity and mortality. Digital mammography studies are typically about 80% sensitive and 90% specific. Improvement in classification of breast cancer imagery is possible using deep vision methods, and these methods may be further used to identify autonomously regions of interest most closely associated with anomalies to support clinician analysis. This research explores deep vision techniques for improving mammography classification and for identifying associated regions of interest. The findings from this research contribute to the future of automated assistive diagnoses of breast cancer and the isolation of regions of interest. Abstract (1) Background: Female breast cancer diagnoses odds have increased from 11:1 in 1975 to 8:1 today. Mammography false positive rates (FPR) are associated with overdiagnoses and overtreatment, while false negative rates (FNR) increase morbidity and mortality. (2) Methods: Deep vision supervised learning classifies 299 × 299 pixel de-noised mammography images as negative or non-negative using models built on 55,890 pre-processed training images and applied to 15,364 unseen test images. A small image representation from the fitted training model is returned to evaluate the portion of the loss function gradient with respect to the image that maximizes the classification probability. This gradient is then re-mapped back to the original images, highlighting the areas of the original image that are most influential for classification (perhaps masses or boundary areas). (3) Results: initial classification results were 97% accurate, 99% specific, and 83% sensitive. Gradient techniques for unsupervised region of interest mapping identified areas most associated with the classification results clearly on positive mammograms and might be used to support clinician analysis. (4) Conclusions: deep vision techniques hold promise for addressing the overdiagnoses and treatment, underdiagnoses, and automated region of interest identification on mammography.",2021.0,https://www.semanticscholar.org/paper/b9777d8ba1cbfd7e6e4804f3d41df8490ca99166,9,True,Cancers,Medicine,JournalArticle,"{'volume': '13', 'name': 'Cancers'}","Lawrence V. Fulton, A. McLeod, Diane Dolezel, Nathaniel D. Bastian, Christopher P. Fulton","{'PubMedCentral': '8582536', 'DOI': '10.3390/cancers13215384', 'CorpusId': 240181075, 'PubMed': '34771547'}",10.3390/cancers13215384,,34771547.0,"FNR, FPR, ROC, false negative rate, false positive rate, map"
dc711987495e48835ccfd5bb598262f7b7c79b2d,"CBIS-DDSM, DDSM",Breast Mass Classification Using Diverse Contextual Information and Convolutional Neural Network,"Masses are one of the early signs of breast cancer, and the survival rate of women suffering from breast cancer can be improved if masses can be correctly identified as benign or malignant. However, their classification is challenging due to the similarity in texture patterns of both types of mass. The existing methods for this problem have low sensitivity and specificity. Based on the hypothesis that diverse contextual information of a mass region forms a strong indicator for discriminating benign and malignant masses and the idea of the ensemble classifier, we introduce a computer-aided system for this problem. The system uses multiple regions of interest (ROIs) encompassing a mass region for modeling diverse contextual information, a single ResNet-50 model (or its density-specific modification) as a backbone for local decisions, and stacking with SVM as a base model to predict the final decision. A data augmentation technique is introduced for fine-tuning the backbone model. The system was thoroughly evaluated on the benchmark CBIS-DDSM dataset using its provided data split protocol, and it achieved a sensitivity of 98.48% and a specificity of 92.31%. Furthermore, it was found that the system gives higher performance if it is trained and tested using the data from a specific breast density BI-RADS class. The system does not need to fine-tune/train multiple CNN models; it introduces diverse contextual information by multiple ROIs. The comparison shows that the method outperforms the state-of-the-art methods for classifying mass regions into benign and malignant. It will help radiologists reduce their burden and enhance their sensitivity in the prediction of malignant masses.",2021.0,https://www.semanticscholar.org/paper/dc711987495e48835ccfd5bb598262f7b7c79b2d,6,True,Biosensors,Medicine,JournalArticle,"{'volume': '11', 'name': 'Biosensors'}","Mariam Busaleh, M. Hussain, Hatim Aboalsamh, Fazal-E- Amin","{'PubMedCentral': '8615673', 'DOI': '10.3390/bios11110419', 'CorpusId': 240098699, 'PubMed': '34821634'}",10.3390/bios11110419,,34821634.0,"sensitivity, specificity"
70d58680b2b472dd62a256a919f590dbe89bc9cc,"CBIS-DDSM, DDSM",Breast Cancer Diagnosis in Two-View Mammography Using End-to-End Trained EfficientNet-Based Convolutional Network,"Some recent studies have described deep convolutional neural networks to diagnose breast cancer in mammograms with similar or even superior performance to that of human experts. One of the best techniques does two transfer learnings: the first uses a model trained on natural images to create a “patch classifier” that categorizes small subimages; the second uses the patch classifier to scan the whole mammogram and create the “single-view whole-image classifier”. We propose to make a third transfer learning to obtain a “two-view classifier” to use the two mammographic views: bilateral craniocaudal and mediolateral oblique. We use EfficientNet as the basis of our model. We “end-to-end” train the entire system using CBIS-DDSM dataset. To ensure statistical robustness, we test our system twice using: (a) 5-fold cross validation; and (b) the original training/test division of the dataset. Our technique reached an AUC of 0.9344 using 5-fold cross validation (accuracy, sensitivity and specificity are 85.13% at the equal error rate point of ROC). Using the original dataset division, our technique achieved an AUC of 0.8483, as far as we know the highest reported AUC for this problem, although the subtle differences in the testing conditions of each work do not allow for an accurate comparison. The inference code and model are available at https://github.com/dpetrini/two-views-classifier",2021.0,https://www.semanticscholar.org/paper/70d58680b2b472dd62a256a919f590dbe89bc9cc,35,True,IEEE Access,"Computer Science, Engineering",JournalArticle,"{'volume': '10', 'pages': '77723-77731', 'name': 'IEEE Access'}","D. Petrini, C. Shimizu, R. A. Roela, G. Valente, M. A. K. Folgueira, Hae Yong Kim","{'DBLP': 'journals/access/PetriniSRVFK22', 'ArXiv': '2110.01606', 'DOI': '10.1109/ACCESS.2022.3193250', 'CorpusId': 238354143}",10.1109/ACCESS.2022.3193250,2110.01606,,"AUC, ROC, accuracy, sensitivity, specificity"
e1d23a1cf2ab066c53b2e5ff3c54667b0b2fa6d1,CBIS-DDSM,Preprocessing fast filters and mass segmentation for mammography images,,2021.0,https://www.semanticscholar.org/paper/e1d23a1cf2ab066c53b2e5ff3c54667b0b2fa6d1,6,False,Optical Engineering + Applications,"Engineering, Computer Science",,"{'volume': '11842', 'pages': '1184213 - 1184213-11'}","Yuliana Jiménez Gaona, María José Rodríguez-Álvarez, Jimmy Freire, D. Castillo, V. Lakshminarayanan","{'MAG': '3188083976', 'DOI': '10.1117/12.2593939', 'CorpusId': 240074840}",10.1117/12.2593939,,,ROC
971fa5325d560d3f695dc8b8fa6725c63b9575ef,CBIS-DDSM,Tumor edge detection in mammography images using quantum and machine learning approaches,,2021.0,https://www.semanticscholar.org/paper/971fa5325d560d3f695dc8b8fa6725c63b9575ef,20,False,Neural computing & applications (Print),Computer Science,JournalArticle,"{'volume': '33', 'pages': '7773 - 7784', 'name': 'Neural Computing and Applications'}","Amani Tariq Jamal, Anis Ben Ishak, S. Abdel-Khalek","{'DBLP': 'journals/nca/JamalIA21', 'MAG': '3130190858', 'DOI': '10.1007/s00521-020-05518-x', 'CorpusId': 233944559}",10.1007/s00521-020-05518-x,,,PPR
5a43001aeb98de521bcf1cce902e384094d26895,CBIS-DDSM,Adversarial Attack Vulnerability of Deep Learning Models for Oncologic Images,"Background: Deep learning (DL) models have shown the ability to automate the classification of medical images used for cancer detection. Unfortunately, recent studies have found that DL models are vulnerable to adversarial attacks which manipulate models into making incorrect predictions with high confidence. There is a need for better understanding of how adversarial attacks impact the predictive ability of DL models in the medical image domain. Methods: We studied the adversarial attack susceptibility of DL models for three common imaging tasks within oncology. We investigated how PGD adversarial training could be employed to increase model robustness against FGSM, PGD, and BIM attacks. Finally, we studied the utility of adversarial sensitivity as a metric to improve model performance. Results: Our experiments showed that medical DL models were highly sensitive to adversarial attacks, as visually imperceptible degrees of perturbation (<0.004) were sufficient to deceive the model the majority of the time. DL models for medical images were more vulnerable to adversarial attacks compared to DL models for non-medical images. Adversarial training increased model performance on adversarial samples for all classification tasks. We were able to increase model accuracy on clean images for all datasets by excluding images most vulnerable to adversarial perturbation. Conclusion: Our results indicated that while medical DL systems are extremely susceptible to adversarial attacks, adversarial training show promise as an effective defense against attacks. Adversarial susceptibility of individual images can be used to increase model performance by identifying images most at-risk for misclassification. Our findings provide a useful basis for designing more robust and accurate medical DL models as well as techniques to defend models from adversarial attack.",2021.0,https://www.semanticscholar.org/paper/5a43001aeb98de521bcf1cce902e384094d26895,13,True,medRxiv,Medicine,,,"M. Joel, Sachin Umrao, E. Chang, Rachel Choi, Daniel X. Yang, James S. Duncan, A. Omuro, Roy Herbst, H. Krumholz, SM Sanjay Aneja","{'DOI': '10.1101/2021.01.17.21249704', 'CorpusId': 231646987}",10.1101/2021.01.17.21249704,,,"accuracy, sensitivity"
2a069288bf4b894eda16bbdbd39ba7e610928797,CBIS-DDSM,Double-Shot Transfer Learning for Breast Cancer Classification from X-Ray Images,"Differentiation between benign and malignant breast cancer cases in X-ray images can be difficult due to their similar features. In recent studies, the transfer learning technique has been used to classify benign and malignant breast cancer by fine-tuning various pre-trained networks such as AlexNet, visual geometry group (VGG), GoogLeNet, and residual network (ResNet) on breast cancer datasets. However, these pre-trained networks have been trained on large benchmark datasets such as ImageNet, which do not contain labeled images related to breast cancers which lead to poor performance. In this research, we introduce a novel technique based on the concept of transfer learning, called double-shot transfer learning (DSTL). DSTL is used to improve the overall accuracy and performance of the pre-trained networks for breast cancer classification. DSTL updates the learnable parameters (weights and biases) of any pre-trained network by fine-tuning them on a large dataset that is similar to the target dataset. Then, the updated networks are fine-tuned with the target dataset. Moreover, the number of X-ray images is enlarged by a combination of augmentation methods including different variations of rotation, brightness, flipping, and contrast to reduce overfitting and produce robust results. The proposed approach has demonstrated a significant improvement in classification accuracy and performance of the pre-trained networks, making them more suitable for medical imaging.",2020.0,https://www.semanticscholar.org/paper/2a069288bf4b894eda16bbdbd39ba7e610928797,20,True,Applied Sciences,Computer Science,,{'name': 'Applied Sciences'},"Mohammad Alkhaleefah, Shang-Chih Ma, Yang-Lang Chang, Bormin Huang, P. Chittem, Vishnu Priya Achhannagari","{'MAG': '3035050947', 'DOI': '10.3390/app10113999', 'CorpusId': 225748176}",10.3390/app10113999,,,"PPR, accuracy"
9e186a1b9cf3d46cf992632d448c6d72ffe1a04b,"CBIS-DDSM, DDSM",An Efficient Transfer and Ensemble Learning Based Computer Aided Breast Abnormality Diagnosis System,"Breast cancer is the second most deadly type of cancer globally among women and can be prevented to a great extent in the case of early detection. In order to raise the survival rate, research scientists have conducted several experiments to develop tools to alleviate this problem, including Computer-Aided Diagnosis (CADx) systems. Deep Learning and its important sub-field Convolutional Neural Networks (CNN)s have revolutionized (CADx) development research. While the Curated Breast Imaging Subset of Digital Database for Screening Mammography, or the CBIS-DDSM dataset, has been classified using different pre-trained architectures, few of them have used ensemble learning to provide a more robust and accurate architecture. To the best of our knowledge, we are the first to integrate the application of the state-of-the-art pre-trained model called EfficientNet along with other pre-trained models for the part, and subsequently, the models were concatenated (ensembled). With the application of pre-trained CNN-based models, we are able to address the problem of not having a large dataset. Nevertheless, with the EfficientNet family offering better results with fewer parameters, we obtained significant improvement in accuracy, and later ensemble learning was applied to provide robustness for the network. After performing 10-fold cross-validation, our experiments yielded promising test accuracy results, 96.05% and 85.71% for abnormality type and pathology diagnosis classification, respectively.",2023.0,https://www.semanticscholar.org/paper/9e186a1b9cf3d46cf992632d448c6d72ffe1a04b,11,True,IEEE Access,Computer Science,JournalArticle,"{'volume': '11', 'pages': '21199-21209', 'name': 'IEEE Access'}","Farnoosh Azour, A. Boukerche","{'DBLP': 'journals/access/AzourB23', 'DOI': '10.1109/ACCESS.2022.3192857', 'CorpusId': 251088939}",10.1109/ACCESS.2022.3192857,,,accuracy
ca8a2635b2e2d566fb997e7a22cc026bfce3fd11,"CBIS-DDSM, DDSM, INbreast",Breast Lesions Detection and Classification via YOLO-Based Fusion Models,": With recent breakthroughs in artificial intelligence, the use of deep learning models achieved remarkable advances in computer vision, ecom-merce, cybersecurity, and healthcare. Particularly, numerous applications provided efficient solutions to assist radiologists for medical imaging analysis. For instance, automatic lesion detection and classification in mammograms is still considered a crucial task that requires more accurate diagnosis and precise analysis of abnormal lesions. In this paper, we propose an end-to-end system, which is based on You-Only-Look-Once (YOLO) model, to simultaneously localize and classify suspicious breast lesions from entire mammograms. The proposed system first preprocesses the raw images, then recognizes abnormal regions as breast lesions and determines their pathology classification as either mass or calcification. We evaluated the model on two publicly available datasets, with 2907 mammograms from the Curated Breast Imaging Sub-set of Digital Database for Screening Mammography (CBIS-DDSM) and 235 mammograms from INbreast database. We also used a privately collected dataset with 487 mammograms. Furthermore, we suggested a fusion models approach to report more precise detection and accurate classification. Our best results reached a detection accuracy rate of 95.7%, 98.1% and 98% for mass lesions and 74.4%, 71.8% and 73.2% for calcification lesions, respectively on CBIS-DDSM, INbreast and the private dataset.",2021.0,https://www.semanticscholar.org/paper/ca8a2635b2e2d566fb997e7a22cc026bfce3fd11,44,True,Computers Materials & Continua,Computer Science,,"{'name': 'Computers, Materials & Continua'}","Asma Baccouche, B. Garcia-Zapirain, Cristian Castillo Olea, Adel Said Elmaghraby","{'MAG': '3170769871', 'DOI': '10.32604/CMC.2021.018461', 'CorpusId': 236670864}",10.32604/CMC.2021.018461,,,"PPR, ROC, accuracy"
1d08f2054d00d18d8f26dc18f93685f5953b268f,CBIS-DDSM,An XAI Approach to Deep Learning Models in the Detection of Ductal Carcinoma in Situ,,2021.0,https://www.semanticscholar.org/paper/1d08f2054d00d18d8f26dc18f93685f5953b268f,5,False,arXiv.org,Computer Science,JournalArticle,"{'volume': 'abs/2106.14186', 'name': 'ArXiv'}","Michele La Ferla, M. Montebello, D. Seychell","{'DBLP': 'journals/corr/abs-2106-14186', 'CorpusId': 235658347}",,,,PPR
98fa9d670a5da508bbc021b130de45c21bd5fb1d,"CBIS-DDSM, DDSM, INbreast, MIAS",Comparison of current deep convolutional neural networks for the segmentation of breast masses in mammograms,"Breast cancer causes approximately 684,996 deaths worldwide, making it the leading cause of female cancer mortality. However, these figures can be reduced with early diagnosis through mammographic imaging, allowing for the timely and effective treatment of this disease. To establish the best tools for contributing to the automatic diagnosis of breast cancer, different deep learning (DL) architectures were compared in terms of breast lesion segmentation, lesion type classification, and degree of suspicion of malignancy tests. The tasks were completed with state-of-the-art architectures and backbones. Initially, during segmentation, the base UNet, Visual Geometry Group 19 (VGG19), InceptionResNetV2, EfficientNet, MobileNetv2, ResNet, ResNeXt, MultiResUNet, linkNet-VGG19, DenseNet, SEResNet and SeResNeXt architectures were compared, where “Res” denotes a residual network. In addition, training was performed with 5 of the most advanced loss functions and validated by the Dice coefficient, sensitivity, and specificity. The proposed models achieved Dice values above 90%, with the EfficientNet architecture achieving 94.75% and 99% accuracy on the two tasks. Subsequently, classification was addressed with the ResNet50V2, VGG19, InceptionResNetV2, DenseNet121, InceptionV3, Xception and EfficientNetB7 networks. The proposed models achieved 96.97% and 97.73% accuracy through the VGG19 and ResNet50V2 networks on the lesion classification and degree of suspicion tasks, respectively. All three tasks were addressed with open-access databases, including the Digital Database for Screening Mammography (DDSM), the Mammographic Image Analysis Society (MIAS) database, and INbreast.",2021.0,https://www.semanticscholar.org/paper/98fa9d670a5da508bbc021b130de45c21bd5fb1d,17,True,IEEE Access,Computer Science,JournalArticle,"{'volume': 'PP', 'pages': '1-1', 'name': 'IEEE Access'}","A. Anaya-Isaza, Leonel Mera-Jiménez, J. Cabrera-Chavarro, Lorena Guachi-Guachi, Diego Hernán Peluffo-Ordóñez, Jorge Rios-Patiño","{'DBLP': 'journals/access/Anaya-IsazaMCGP21', 'DOI': '10.1109/ACCESS.2021.3127862', 'CorpusId': 244105722}",10.1109/ACCESS.2021.3127862,,,"PPR, accuracy, dice, sensitivity, specificity"
c879f498d3baf174861a9935d3c0c28604c4e86d,CBIS-DDSM,"Uncertainty for Safe Utilization of Machine Learning in Medical Imaging, and Graphs in Biomedical Image Analysis: Second International Workshop, UNSURE 2020, and Third International Workshop, GRAIL 2020, Held in Conjunction with MICCAI 2020, Lima, Peru, October 8, 2020, Proceedings",,2020.0,https://www.semanticscholar.org/paper/c879f498d3baf174861a9935d3c0c28604c4e86d,8,False,UNSURE/GRAIL@MICCAI,Computer Science,Book,"{'name': 'Uncertainty for Safe Utilization of Machine Learning in Medical Imaging, and Graphs in Biomedical Image Analysis'}","M. Graham, C. Sudre, Thomas Varsavsky, Petru-Daniel Tudosiu, P. Nachev, S. Ourselin, M. Cardoso","{'DBLP': 'conf/miccai/2020unsure', 'DOI': '10.1007/978-3-030-60365-6', 'CorpusId': 222125715}",10.1007/978-3-030-60365-6,,,ROC
6650f40bb77e0b9351d0325d096a4d6134cfc038,CBIS-DDSM,Effective Breast Cancer Recognition Based on Fine-Grained Feature Selection,"Early detection and diagnosis of breast cancer are crucial to improve the survival rates of patients. Hence, pathologists and radiologists need a computer-aided diagnosis system to assist their clinical diagnoses effectively and efficiently. However, most breast cancer recognition models are faced with the sample scarcity problem, which results in serious overfitting and lowers recognition performance. To alleviate the sample scarcity problem, a simple, effective model called “refinement, correlation, adaptive” (RCA) for breast cancer recognition is proposed from the perspective of fine-grained feature selection. An innovative multiview efficient range-based gene selection algorithm is proposed to complete the first-layer feature “refinement,” which contributes to suppressing the noisy information in the original feature space. Then, more-discriminant but low-dimensional information among heterogeneous features is mined through the second-layer cross-modal “correlation” mining. Feature dimensions are reduced to a reasonable value that fits the sample size well and alleviates the overfitting problem. Finally, the last-layer decision-tree-guided “adaptive” feature selection is completed using the gradient boosting decision tree algorithm. The RCA model was validated on two well-known datasets. The experimental results demonstrate that the proposed RCA model can address the sample scarcity problem well. It outperforms state-of-the-art baselines, especially in terms of accuracy and the area of the Kiviat diagram. The largest performance improvements of the metrics are 2.39% and 1121, respectively. Moreover, an online diagnosis system based on the RCA model is proposed. It provides rapid and effective breast cancer recognition, which should make clinical diagnoses more convenient and narrow the gap between theoretical research and practical application.",2020.0,https://www.semanticscholar.org/paper/6650f40bb77e0b9351d0325d096a4d6134cfc038,6,True,IEEE Access,Computer Science,JournalArticle,"{'volume': '8', 'pages': '227538-227555', 'name': 'IEEE Access'}","Guangli Li, Tian Ran Yuan, Chuanxiu Li, Jianwu Zhuo, Ziliang Jiang, Jinpeng Wu, Donghong Ji, Hongbin Zhang","{'DBLP': 'journals/access/LiYLZJWJZ20', 'DOI': '10.1109/ACCESS.2020.3046309', 'CorpusId': 230511220}",10.1109/ACCESS.2020.3046309,,,"PPR, accuracy"
49436a02241c9a0a74e80488a34374eb74a5642e,"OPTIMAM, VinDr-Mammo",MAM-E: Mammographic Synthetic Image Generation with Diffusion Models,"Generative models are used as an alternative data augmentation technique to alleviate the data scarcity problem faced in the medical imaging field. Diffusion models have gathered special attention due to their innovative generation approach, the high quality of the generated images, and their relatively less complex training process compared with Generative Adversarial Networks. Still, the implementation of such models in the medical domain remains at an early stage. In this work, we propose exploring the use of diffusion models for the generation of high-quality, full-field digital mammograms using state-of-the-art conditional diffusion pipelines. Additionally, we propose using stable diffusion models for the inpainting of synthetic mass-like lesions on healthy mammograms. We introduce MAM-E, a pipeline of generative models for high-quality mammography synthesis controlled by a text prompt and capable of generating synthetic mass-like lesions on specific regions of the breast. Finally, we provide quantitative and qualitative assessment of the generated images and easy-to-use graphical user interfaces for mammography synthesis.",2023.0,https://www.semanticscholar.org/paper/49436a02241c9a0a74e80488a34374eb74a5642e,6,True,Italian National Conference on Sensors,"Medicine, Computer Science, Engineering",JournalArticle,"{'volume': '24', 'name': 'Sensors (Basel, Switzerland)'}","R. Montoya-del-Angel, Karla Sam-Millan, J. C. Vilanova, Robert Mart'i","{'DBLP': 'journals/sensors/MontoyadelAngelSVM24', 'ArXiv': '2311.09822', 'PubMedCentral': '11014323', 'DOI': '10.3390/s24072076', 'CorpusId': 265221431, 'PubMed': '38610288'}",10.3390/s24072076,2311.09822,38610288.0,"PPR, ROC"
cab13993d8c3ecebe3fc025aed0d7bc5352d4373,VinDr-Mammo,Automatic detection of breast masses using deep learning with YOLO approach,,2023.0,https://www.semanticscholar.org/paper/cab13993d8c3ecebe3fc025aed0d7bc5352d4373,5,False,Health technology,,JournalArticle,"{'volume': '13', 'pages': '915 - 923', 'name': 'Health and Technology'}","Alejandro Ernesto Quiñones-Espín, M. Pérez-Díaz, Rafaela Mayelín Espín-Coto, Deijany Rodriguez-Linares, José Daniel Lopez-Cabrera","{'DOI': '10.1007/s12553-023-00783-x', 'CorpusId': 264176762}",10.1007/s12553-023-00783-x,,,PPR
bf2a4c78853156621923fbc2a2fa3e33587ca3e1,VinDr-Mammo,Learning From Multiple Expert Annotators for Enhancing Anomaly Detection in Medical Image Analysis,"Recent years have experienced phenomenal growth in computer-aided diagnosis systems based on machine learning algorithms for anomaly detection tasks in the medical image domain. However, the performance of these algorithms greatly depends on the quality of labels since the subjectivity of a single annotator might decline the certainty of medical image datasets. In order to alleviate this problem, aggregating labels from multiple radiologists with different levels of expertise has been established. In particular, under the reliance on their own biases and proficiency levels, different qualified experts provide their estimations of the “true” bounding boxes representing the anomaly observations. Learning from these nonstandard labels exerts negative effects on the performance of machine learning networks. In this paper, we propose a simple yet effective approach for the enhancement of neural networks’ efficiency in abnormal detection tasks by estimating the actually hidden labels from multiple ones. A re-weighted loss function is also used to improve the detection capacity of the networks. We conduct an extensive experimental evaluation of our proposed approach on both simulated and real-world medical imaging datasets, MED-MNIST and VinDr-CXR. The experimental results show that our approach is able to capture the reliability of different annotators and outperform relevant baselines that do not consider the disagreements among annotators. Our code is available at https://github.com/huyhieupham/learning-from-multiple-annotators.",2022.0,https://www.semanticscholar.org/paper/bf2a4c78853156621923fbc2a2fa3e33587ca3e1,23,True,IEEE Access,Computer Science,JournalArticle,"{'volume': '11', 'pages': '14105-14114', 'name': 'IEEE Access'}","Khiem H. Le, Tuan V. Tran, Hieu Pham, Hieu T. Nguyen, T. Le, H. Nguyen","{'DBLP': 'journals/corr/abs-2203-10611', 'ArXiv': '2203.10611', 'DOI': '10.1109/ACCESS.2023.3243845', 'CorpusId': 247594419}",10.1109/ACCESS.2023.3243845,2203.10611,,PPR
2890ef54723c0c8affe778f7e8c778d244fba4f8,VinDr-Mammo,A novel multi-view deep learning approach for BI-RADS and density assessment of mammograms,,2021.0,https://www.semanticscholar.org/paper/2890ef54723c0c8affe778f7e8c778d244fba4f8,19,True,Annual International Conference of the IEEE Engineering in Medicine and Biology Society,"Medicine, Engineering, Computer Science","JournalArticle, Conference","{'pages': '2144-2148', 'name': '2022 44th Annual International Conference of the IEEE Engineering in Medicine & Biology Society (EMBC)'}","Huyen T. X. Nguyen, Sam B. Tran, D. Nguyen, Hieu Pham, H. Nguyen","{'ArXiv': '2112.04490', 'DBLP': 'conf/embc/NguyenTNPN22', 'DOI': '10.1109/EMBC48229.2022.9871564', 'CorpusId': 245133619, 'PubMed': '36085843'}",10.1109/EMBC48229.2022.9871564,2112.0449,36085843.0,PPR
a243904b2ca219aa8b6381c86c3d88642661bba3,"CMMD, INbreast, VinDr-Mammo",Federated Learning Approach for Breast Cancer Detection Based on DCNN,"Breast cancer stands as one of the predominant health challenges globally, affecting millions of women every year and necessitating early and accurate detection to optimize patient outcomes. Currently, while deep convolutional neural networks (DCNNs) have shown promise in breast cancer detection, their application is often hampered by privacy concerns associated with sharing patient data and the limitation of training on small, localized datasets. Addressing these challenges, this manuscript introduces an effective federated learning approach tailored for breast cancer detection, leveraging DCNNs across diverse and large datasets without compromising data privacy. Our experimental findings underscore significant advancements in detection accuracy of 98.9% on three large scale datasets which are VINDR-MAMMO, CMMD, and INBREAST. Additionally, we tested the proposed federated learning performance, showcasing the potential of our approach as a robust and privacy-preserving solution for future breast cancer diagnostic strategies.",2024.0,https://www.semanticscholar.org/paper/a243904b2ca219aa8b6381c86c3d88642661bba3,8,True,IEEE Access,Computer Science,JournalArticle,"{'volume': '12', 'pages': '40114-40138', 'name': 'IEEE Access'}","Hussain Alsalman, Mabrook S. Al-Rakhami, Taha M. Alfakih, M. M. Hassan","{'DBLP': 'journals/access/AlSalmanAAH24', 'DOI': '10.1109/ACCESS.2024.3374650', 'CorpusId': 268282703}",10.1109/ACCESS.2024.3374650,,,"PPR, accuracy"
4533bd0a1580d6346b21f1a3bf02c0afe2b974df,OPTIMAM,Automatic correction of performance drift under acquisition shift in medical image classification,"Image-based prediction models for disease detection are sensitive to changes in data acquisition such as the replacement of scanner hardware or updates to the image processing software. The resulting differences in image characteristics may lead to drifts in clinically relevant performance metrics which could cause harm in clinical decision making, even for models that generalise in terms of area under the receiver-operating characteristic curve. We propose Unsupervised Prediction Alignment, a generic automatic recalibration method that requires no ground truth annotations and only limited amounts of unlabelled example images from the shifted data distribution. We illustrate the effectiveness of the proposed method to detect and correct performance drift in mammography-based breast cancer screening and on publicly available histopathology data. We show that the proposed method can preserve the expected performance in terms of sensitivity/specificity under various realistic scenarios of image acquisition shift, thus offering an important safeguard for clinical deployment.",2023.0,https://www.semanticscholar.org/paper/4533bd0a1580d6346b21f1a3bf02c0afe2b974df,18,True,Nature Communications,Medicine,JournalArticle,"{'volume': '14', 'name': 'Nature Communications'}","Mélanie Roschewitz, G. Khara, Joe Yearsley, N. Sharma, Jonathan J James, Éva Ambrózay, Adam Heroux, P. Kecskemethy, T. Rijken, Ben Glocker","{'PubMedCentral': '10587231', 'DOI': '10.1038/s41467-023-42396-y', 'CorpusId': 264347228, 'PubMed': '37857643'}",10.1038/s41467-023-42396-y,,37857643.0,"ROC, sensitivity, specificity"
4dc6c5a9615a71aa6274595ddcce999ee58002b4,OPTIMAM,"Federated learning-based AI approaches in smart healthcare: concepts, taxonomies, challenges and open issues",,2022.0,https://www.semanticscholar.org/paper/4dc6c5a9615a71aa6274595ddcce999ee58002b4,147,True,Cluster Computing,"Medicine, Computer Science",JournalArticle,"{'pages': '1 - 41', 'name': 'Cluster Computing'}","Anichur Rahman, Md. Rejwanul Hossain, Ghulam Muhammad, Dipanjali Kundu, Tanoy Debnath, Muaz Rahman, Md. Saikat Islam Khan, P. Tiwari, Shahab S. Band","{'PubMedCentral': '9385101', 'DBLP': 'journals/cluster/RahmanHMKDRKTB23', 'DOI': '10.1007/s10586-022-03658-4', 'CorpusId': 251659681, 'PubMed': '35996680'}",10.1007/s10586-022-03658-4,,35996680.0,PPR
6ccf69cda941b82b3b8395fc1a1224b5658a8774,OPTIMAM,Robust breast cancer detection in mammography and digital breast tomosynthesis using an annotation-efficient deep learning approach,,2021.0,https://www.semanticscholar.org/paper/6ccf69cda941b82b3b8395fc1a1224b5658a8774,173,True,Nature Network Boston,Medicine,JournalArticle,"{'volume': '27', 'pages': '244 - 249', 'name': 'Nature Medicine'}","William Lotter, Abdul Rahman Diab, B. Haslam, Jiye G. Kim, Giorgia Grisot, E. Wu, Kevin Wu, J. Onieva, Yun Boyer, J. Boxerman, Meiyun Wang, Mack Bandler, G. Vijayaraghavan, A. Gregory Sorensen","{'DOI': '10.1038/s41591-020-01174-9', 'CorpusId': 260436340, 'PubMed': '33432172'}",10.1038/s41591-020-01174-9,,33432172.0,PPR
516a98a7ba51fc033e7d5d00d974d4daa918e977,CSAW,Classification with 2-D convolutional neural networks for breast cancer diagnosis,"Breast cancer is the most common cancer in women. Classification of cancer/non-cancer patients with clinical records requires high sensitivity and specificity for an acceptable diagnosis test. The state-of-the-art classification model—convolutional neural network (CNN), however, cannot be used with such kind of tabular clinical data that are represented in 1-D format. CNN has been designed to work on a set of 2-D matrices whose elements show some correlation with neighboring elements such as in image data. Conversely, the data examples represented as a set of 1-D vectors—apart from the time series data—cannot be used with CNN, but with other classification models such as Recurrent Neural Networks for tabular data or Random Forest. We have proposed three novel preprocessing methods of data wrangling that transform a 1-D data vector, to a 2-D graphical image with appropriate correlations among the fields to be processed on CNN. We tested our methods on Wisconsin Original Breast Cancer (WBC) and Wisconsin Diagnostic Breast Cancer (WDBC) datasets. To our knowledge, this work is novel on non-image tabular data to image data transformation for the non-time series data. The transformed data processed with CNN using VGGnet-16 shows competitive results for the WBC dataset and outperforms other known methods for the WDBC dataset.",2020.0,https://www.semanticscholar.org/paper/516a98a7ba51fc033e7d5d00d974d4daa918e977,18,True,Scientific Reports,"Computer Science, Medicine",JournalArticle,"{'volume': '12', 'name': 'Scientific Reports'}","Anuraganand Sharma, Dinesh Kumar","{'PubMedCentral': '9759564', 'DBLP': 'journals/corr/abs-2007-03218', 'MAG': '3046064070', 'ArXiv': '2007.03218', 'DOI': '10.1038/s41598-022-26378-6', 'CorpusId': 220845463, 'PubMed': '36528717'}",10.1038/s41598-022-26378-6,2007.03218,36528717.0,"PPR, ROC, sensitivity, specificity"
